source_id,model_id,column_id,team_id,column_category,conclusion_certainty,conclusion_direction,source_label
euc,Bicheno-1-1-1,Season,Bicheno,timing,qualified,negative,eucalpytus (teams = 66)
euc,Bicheno-1-1-1,ExoticAnnualGrass_cover,Bicheno,grass,qualified,negative,eucalpytus (teams = 66)
euc,Bicheno-1-1-1,ExoticAnnualHerb_cover,Bicheno,non_grass_understory,qualified,negative,eucalpytus (teams = 66)
euc,Bicheno-1-1-1,ExoticPerennialHerb_cover,Bicheno,non_grass_understory,qualified,negative,eucalpytus (teams = 66)
euc,Bicheno-1-1-1,ExoticPerennialGrass_cover,Bicheno,grass,qualified,negative,eucalpytus (teams = 66)
euc,Bicheno-1-1-1,ExoticShrub_cover,Bicheno,shrub,qualified,negative,eucalpytus (teams = 66)
euc,Bicheno-1-1-1,NativePerennialFern_cover,Bicheno,non_grass_understory,qualified,negative,eucalpytus (teams = 66)
euc,Bicheno-1-1-1,NativePerennialGrass_cover,Bicheno,grass,qualified,negative,eucalpytus (teams = 66)
euc,Bicheno-1-1-1,NativePerennialHerb_cover,Bicheno,non_grass_understory,qualified,negative,eucalpytus (teams = 66)
euc,Bicheno-1-1-1,NativePerennialGraminoid_cover,Bicheno,grass,qualified,negative,eucalpytus (teams = 66)
euc,Bicheno-1-1-1,BareGround_cover,Bicheno,non_veg_groundlayer,qualified,negative,eucalpytus (teams = 66)
euc,Bicheno-1-1-1,Litter_cover,Bicheno,non_veg_groundlayer,qualified,negative,eucalpytus (teams = 66)
euc,Bicheno-1-1-1,Euc_canopy_cover,Bicheno,propagule_pressure,qualified,negative,eucalpytus (teams = 66)
euc,Bicheno-1-1-1,Distance_to_Eucalypt_canopy(m),Bicheno,propagule_pressure,qualified,negative,eucalpytus (teams = 66)
euc,Bicheno-1-1-1,euc_sdlgs0_50cm,Bicheno,seedings,qualified,negative,eucalpytus (teams = 66)
euc,Bicheno-1-1-1,euc_sdlgs50cm-2m,Bicheno,seedings,qualified,negative,eucalpytus (teams = 66)
euc,Bicheno-1-1-1,PET,Bicheno,water_availability,qualified,negative,eucalpytus (teams = 66)
euc,Bicheno-1-1-1,SRad_Jul,Bicheno,sunlight,qualified,negative,eucalpytus (teams = 66)
euc,Bicheno-1-1-2,Season,Bicheno,timing,qualified,negative,eucalpytus (teams = 66)
euc,Bicheno-1-1-2,ExoticAnnualGrass_cover,Bicheno,grass,qualified,negative,eucalpytus (teams = 66)
euc,Bicheno-1-1-2,ExoticAnnualHerb_cover,Bicheno,non_grass_understory,qualified,negative,eucalpytus (teams = 66)
euc,Bicheno-1-1-2,ExoticPerennialHerb_cover,Bicheno,non_grass_understory,qualified,negative,eucalpytus (teams = 66)
euc,Bicheno-1-1-2,ExoticPerennialGrass_cover,Bicheno,grass,qualified,negative,eucalpytus (teams = 66)
euc,Bicheno-1-1-2,ExoticShrub_cover,Bicheno,shrub,qualified,negative,eucalpytus (teams = 66)
euc,Bicheno-1-1-2,NativePerennialFern_cover,Bicheno,non_grass_understory,qualified,negative,eucalpytus (teams = 66)
euc,Bicheno-1-1-2,NativePerennialGrass_cover,Bicheno,grass,qualified,negative,eucalpytus (teams = 66)
euc,Bicheno-1-1-2,NativePerennialHerb_cover,Bicheno,non_grass_understory,qualified,negative,eucalpytus (teams = 66)
euc,Bicheno-1-1-2,NativePerennialGraminoid_cover,Bicheno,grass,qualified,negative,eucalpytus (teams = 66)
euc,Bicheno-1-1-2,BareGround_cover,Bicheno,non_veg_groundlayer,qualified,negative,eucalpytus (teams = 66)
euc,Bicheno-1-1-2,Litter_cover,Bicheno,non_veg_groundlayer,qualified,negative,eucalpytus (teams = 66)
euc,Bicheno-1-1-2,Euc_canopy_cover,Bicheno,propagule_pressure,qualified,negative,eucalpytus (teams = 66)
euc,Bicheno-1-1-2,Distance_to_Eucalypt_canopy(m),Bicheno,propagule_pressure,qualified,negative,eucalpytus (teams = 66)
euc,Bicheno-1-1-2,euc_sdlgs0_50cm,Bicheno,seedings,qualified,negative,eucalpytus (teams = 66)
euc,Bicheno-1-1-2,euc_sdlgs50cm-2m,Bicheno,seedings,qualified,negative,eucalpytus (teams = 66)
euc,Bicheno-1-1-2,PET,Bicheno,water_availability,qualified,negative,eucalpytus (teams = 66)
euc,Bicheno-1-1-2,SRad_Jul,Bicheno,sunlight,qualified,negative,eucalpytus (teams = 66)
euc,Biloela-1-1-1,Season,Biloela,timing,qualified,positive,eucalpytus (teams = 66)
euc,Biloela-1-1-1,Property,Biloela,location,qualified,positive,eucalpytus (teams = 66)
euc,Biloela-1-1-1,Quadrat no,Biloela,id,qualified,positive,eucalpytus (teams = 66)
euc,Biloela-1-1-1,Aspect,Biloela,location,qualified,positive,eucalpytus (teams = 66)
euc,Biloela-1-1-1,ExoticAnnualGrass_cover,Biloela,grass,qualified,positive,eucalpytus (teams = 66)
euc,Biloela-1-1-1,ExoticAnnualHerb_cover,Biloela,non_grass_understory,qualified,positive,eucalpytus (teams = 66)
euc,Biloela-1-1-1,ExoticPerennialHerb_cover,Biloela,non_grass_understory,qualified,positive,eucalpytus (teams = 66)
euc,Biloela-1-1-1,ExoticPerennialGrass_cover,Biloela,grass,qualified,positive,eucalpytus (teams = 66)
euc,Biloela-1-1-1,ExoticShrub_cover,Biloela,shrub,qualified,positive,eucalpytus (teams = 66)
euc,Biloela-1-1-1,NativePerennialGrass_cover,Biloela,grass,qualified,positive,eucalpytus (teams = 66)
euc,Biloela-1-1-1,BareGround_cover,Biloela,non_veg_groundlayer,qualified,positive,eucalpytus (teams = 66)
euc,Biloela-1-1-1,Litter_cover,Biloela,non_veg_groundlayer,qualified,positive,eucalpytus (teams = 66)
euc,Biloela-1-1-1,Euc_canopy_cover,Biloela,propagule_pressure,qualified,positive,eucalpytus (teams = 66)
euc,Biloela-1-1-1,Distance_to_Eucalypt_canopy(m),Biloela,propagule_pressure,qualified,positive,eucalpytus (teams = 66)
euc,Biloela-1-1-1,euc_sdlgs0_50cm,Biloela,seedings,qualified,positive,eucalpytus (teams = 66)
euc,Biloela-1-1-1,euc_sdlgs50cm-2m,Biloela,seedings,qualified,positive,eucalpytus (teams = 66)
euc,Biloela-1-1-1,Th_ppm,Biloela,nutrients,qualified,positive,eucalpytus (teams = 66)
euc,Bingara-1-1-1,Date,Bingara,timing,conclusive,negative,eucalpytus (teams = 66)
euc,Bingara-1-1-1,Property,Bingara,location,conclusive,negative,eucalpytus (teams = 66)
euc,Bingara-1-1-1,Quadrat no,Bingara,id,conclusive,negative,eucalpytus (teams = 66)
euc,Bingara-1-1-1,ExoticAnnualGrass_cover,Bingara,grass,conclusive,negative,eucalpytus (teams = 66)
euc,Bingara-1-1-1,ExoticPerennialGrass_cover,Bingara,grass,conclusive,negative,eucalpytus (teams = 66)
euc,Bingara-1-1-1,NativePerennialGrass_cover,Bingara,grass,conclusive,negative,eucalpytus (teams = 66)
euc,Bingara-1-1-1,NativePerennialGraminoid_cover,Bingara,grass,conclusive,negative,eucalpytus (teams = 66)
euc,Bingara-1-1-1,BareGround_cover,Bingara,non_veg_groundlayer,conclusive,negative,eucalpytus (teams = 66)
euc,Bingara-1-1-1,MossLichen_cover,Bingara,non_grass_understory,conclusive,negative,eucalpytus (teams = 66)
euc,Bingara-1-1-1,Rock_cover,Bingara,non_veg_groundlayer,conclusive,negative,eucalpytus (teams = 66)
euc,Bingara-1-1-1,Euc_canopy_cover,Bingara,propagule_pressure,conclusive,negative,eucalpytus (teams = 66)
euc,Bingara-1-1-1,Distance_to_Eucalypt_canopy(m),Bingara,propagule_pressure,conclusive,negative,eucalpytus (teams = 66)
euc,Bingara-1-1-1,K_perc,Bingara,nutrients,conclusive,negative,eucalpytus (teams = 66)
euc,Birchip-1-1-1,Date,Birchip,timing,conclusive,negative,eucalpytus (teams = 66)
euc,Birchip-1-1-1,Property,Birchip,location,conclusive,negative,eucalpytus (teams = 66)
euc,Birchip-1-1-1,Quadrat no,Birchip,id,conclusive,negative,eucalpytus (teams = 66)
euc,Birchip-1-1-1,ExoticAnnualGrass_cover,Birchip,grass,conclusive,negative,eucalpytus (teams = 66)
euc,Birchip-1-1-1,ExoticPerennialGrass_cover,Birchip,grass,conclusive,negative,eucalpytus (teams = 66)
euc,Birchip-1-1-1,NativePerennialGrass_cover,Birchip,grass,conclusive,negative,eucalpytus (teams = 66)
euc,Birdwoo-1-1-1,Property,Birdwoo,location,qualified,none,eucalpytus (teams = 66)
euc,Birdwoo-1-1-1,Quadrat no,Birdwoo,id,qualified,none,eucalpytus (teams = 66)
euc,Birdwoo-1-1-1,ExoticAnnualGrass_cover,Birdwoo,grass,qualified,none,eucalpytus (teams = 66)
euc,Birdwoo-1-1-1,ExoticPerennialHerb_cover,Birdwoo,non_grass_understory,qualified,none,eucalpytus (teams = 66)
euc,Birdwoo-1-1-1,ExoticPerennialGrass_cover,Birdwoo,grass,qualified,none,eucalpytus (teams = 66)
euc,Birdwoo-1-1-1,NativePerennialGrass_cover,Birdwoo,grass,qualified,none,eucalpytus (teams = 66)
euc,Birdwoo-1-1-1,Euc_canopy_cover,Birdwoo,propagule_pressure,qualified,none,eucalpytus (teams = 66)
euc,Birdwoo-1-1-1,Distance_to_Eucalypt_canopy(m),Birdwoo,propagule_pressure,qualified,none,eucalpytus (teams = 66)
euc,Birdwoo-1-1-1,SRad_Jan,Birdwoo,sunlight,qualified,none,eucalpytus (teams = 66)
euc,Blayney-1-1-1,Season,Blayney,timing,conclusive,negative,eucalpytus (teams = 66)
euc,Blayney-1-1-1,Property,Blayney,location,conclusive,negative,eucalpytus (teams = 66)
euc,Blayney-1-1-1,Aspect,Blayney,location,conclusive,negative,eucalpytus (teams = 66)
euc,Blayney-1-1-1,ExoticAnnualGrass_cover,Blayney,grass,conclusive,negative,eucalpytus (teams = 66)
euc,Blayney-1-1-1,ExoticAnnualHerb_cover,Blayney,non_grass_understory,conclusive,negative,eucalpytus (teams = 66)
euc,Blayney-1-1-1,ExoticPerennialHerb_cover,Blayney,non_grass_understory,conclusive,negative,eucalpytus (teams = 66)
euc,Blayney-1-1-1,ExoticPerennialGrass_cover,Blayney,grass,conclusive,negative,eucalpytus (teams = 66)
euc,Blayney-1-1-1,ExoticShrub_cover,Blayney,shrub,conclusive,negative,eucalpytus (teams = 66)
euc,Blayney-1-1-1,NativePerennialFern_cover,Blayney,non_grass_understory,conclusive,negative,eucalpytus (teams = 66)
euc,Blayney-1-1-1,NativePerennialGrass_cover,Blayney,grass,conclusive,negative,eucalpytus (teams = 66)
euc,Blayney-1-1-1,NativePerennialHerb_cover,Blayney,non_grass_understory,conclusive,negative,eucalpytus (teams = 66)
euc,Blayney-1-1-1,NativePerennialGraminoid_cover,Blayney,grass,conclusive,negative,eucalpytus (teams = 66)
euc,Blayney-1-1-1,NativeShrub_cover,Blayney,shrub,conclusive,negative,eucalpytus (teams = 66)
euc,Blayney-1-1-1,Euc_canopy_cover,Blayney,propagule_pressure,conclusive,negative,eucalpytus (teams = 66)
euc,Blayney-1-1-1,Distance_to_Eucalypt_canopy(m),Blayney,propagule_pressure,conclusive,negative,eucalpytus (teams = 66)
euc,Blayney-1-1-1,euc_sdlgs0_50cm,Blayney,seedings,conclusive,negative,eucalpytus (teams = 66)
euc,Blayney-1-1-1,euc_sdlgs50cm-2m,Blayney,seedings,conclusive,negative,eucalpytus (teams = 66)
euc,Blayney-1-1-1,euc_sdlgs>2m,Blayney,seedings,conclusive,negative,eucalpytus (teams = 66)
euc,Blayney-1-1-1,annual_precipitation,Blayney,water_availability,conclusive,negative,eucalpytus (teams = 66)
euc,Blayney-1-1-1,MrVBF,Blayney,location,conclusive,negative,eucalpytus (teams = 66)
euc,Blayney-1-1-1,SRad_Jan,Blayney,sunlight,conclusive,negative,eucalpytus (teams = 66)
euc,Bodalla-1-1-1,Property,Bodalla,location,qualified,none,eucalpytus (teams = 66)
euc,Bodalla-1-1-1,ExoticAnnualGrass_cover,Bodalla,grass,qualified,none,eucalpytus (teams = 66)
euc,Bodalla-1-1-1,ExoticPerennialGrass_cover,Bodalla,grass,qualified,none,eucalpytus (teams = 66)
euc,Bodalla-1-1-1,NativePerennialGrass_cover,Bodalla,grass,qualified,none,eucalpytus (teams = 66)
euc,Bombala-1-1-1,Season,Bombala,timing,conclusive,negative,eucalpytus (teams = 66)
euc,Bombala-1-1-1,Property,Bombala,location,conclusive,negative,eucalpytus (teams = 66)
euc,Bombala-1-1-1,Quadrat no,Bombala,id,conclusive,negative,eucalpytus (teams = 66)
euc,Bombala-1-1-1,ExoticPerennialGrass_cover,Bombala,grass,conclusive,negative,eucalpytus (teams = 66)
euc,Bombala-1-1-1,size_class,Bombala,seedings,conclusive,negative,eucalpytus (teams = 66)
euc,Bonalbo-1-1-1,Season,Bonalbo,timing,conclusive,mixed,eucalpytus (teams = 66)
euc,Bonalbo-1-1-1,Property,Bonalbo,location,conclusive,mixed,eucalpytus (teams = 66)
euc,Bonalbo-1-1-1,Easting,Bonalbo,location,conclusive,mixed,eucalpytus (teams = 66)
euc,Bonalbo-1-1-1,Northing,Bonalbo,location,conclusive,mixed,eucalpytus (teams = 66)
euc,Bonalbo-1-1-1,Distance_to_Eucalypt_canopy(m),Bonalbo,propagule_pressure,conclusive,mixed,eucalpytus (teams = 66)
euc,Bonalbo-1-1-1,SRad_Jul,Bonalbo,sunlight,conclusive,mixed,eucalpytus (teams = 66)
euc,Bonalbo-1-1-1,all_grass,Bonalbo,grass,conclusive,mixed,eucalpytus (teams = 66)
euc,Bonalbo-2-2-1,Season,Bonalbo,timing,conclusive,mixed,eucalpytus (teams = 66)
euc,Bonalbo-2-2-1,Property,Bonalbo,location,conclusive,mixed,eucalpytus (teams = 66)
euc,Bonalbo-2-2-1,Easting,Bonalbo,location,conclusive,mixed,eucalpytus (teams = 66)
euc,Bonalbo-2-2-1,Northing,Bonalbo,location,conclusive,mixed,eucalpytus (teams = 66)
euc,Bonalbo-2-2-1,Distance_to_Eucalypt_canopy(m),Bonalbo,propagule_pressure,conclusive,mixed,eucalpytus (teams = 66)
euc,Bonalbo-2-2-1,euc_sdlgs0_50cm,Bonalbo,seedings,conclusive,mixed,eucalpytus (teams = 66)
euc,Bonalbo-2-2-1,SRad_Jul,Bonalbo,sunlight,conclusive,mixed,eucalpytus (teams = 66)
euc,Bonalbo-2-2-1,all_grass,Bonalbo,grass,conclusive,mixed,eucalpytus (teams = 66)
euc,Boorowa-1-3-1,Season,Boorowa,timing,conclusive,negative,eucalpytus (teams = 66)
euc,Boorowa-1-3-1,Property,Boorowa,location,conclusive,negative,eucalpytus (teams = 66)
euc,Boorowa-1-3-1,ExoticAnnualGrass_cover,Boorowa,grass,conclusive,negative,eucalpytus (teams = 66)
euc,Boorowa-1-3-1,ExoticPerennialGrass_cover,Boorowa,grass,conclusive,negative,eucalpytus (teams = 66)
euc,Boorowa-1-3-1,NativePerennialGrass_cover,Boorowa,grass,conclusive,negative,eucalpytus (teams = 66)
euc,Boorowa-1-3-1,annual_precipitation,Boorowa,water_availability,conclusive,negative,eucalpytus (teams = 66)
euc,Boorowa-1-3-1,SRad_Jul,Boorowa,sunlight,conclusive,negative,eucalpytus (teams = 66)
euc,Boorowa-1-1-1,Season,Boorowa,timing,conclusive,negative,eucalpytus (teams = 66)
euc,Boorowa-1-1-1,Property,Boorowa,location,conclusive,negative,eucalpytus (teams = 66)
euc,Boorowa-1-1-1,ExoticAnnualGrass_cover,Boorowa,grass,conclusive,negative,eucalpytus (teams = 66)
euc,Boorowa-1-1-1,ExoticPerennialGrass_cover,Boorowa,grass,conclusive,negative,eucalpytus (teams = 66)
euc,Boorowa-1-1-1,NativePerennialGrass_cover,Boorowa,grass,conclusive,negative,eucalpytus (teams = 66)
euc,Boorowa-1-1-1,annual_precipitation,Boorowa,water_availability,conclusive,negative,eucalpytus (teams = 66)
euc,Boorowa-1-1-1,SRad_Jul,Boorowa,sunlight,conclusive,negative,eucalpytus (teams = 66)
euc,Boorowa-1-2-1,Season,Boorowa,timing,conclusive,negative,eucalpytus (teams = 66)
euc,Boorowa-1-2-1,Property,Boorowa,location,conclusive,negative,eucalpytus (teams = 66)
euc,Boorowa-1-2-1,ExoticAnnualGrass_cover,Boorowa,grass,conclusive,negative,eucalpytus (teams = 66)
euc,Boorowa-1-2-1,ExoticPerennialGrass_cover,Boorowa,grass,conclusive,negative,eucalpytus (teams = 66)
euc,Boorowa-1-2-1,NativePerennialGrass_cover,Boorowa,grass,conclusive,negative,eucalpytus (teams = 66)
euc,Boorowa-1-2-1,annual_precipitation,Boorowa,water_availability,conclusive,negative,eucalpytus (teams = 66)
euc,Brookto-1-1-1,Season,Brookto,timing,conclusive,none,eucalpytus (teams = 66)
euc,Brookto-1-1-1,Property,Brookto,location,conclusive,none,eucalpytus (teams = 66)
euc,Brookto-1-1-1,ExoticAnnualGrass_cover,Brookto,grass,conclusive,none,eucalpytus (teams = 66)
euc,Brookto-1-1-1,ExoticAnnualHerb_cover,Brookto,non_grass_understory,conclusive,none,eucalpytus (teams = 66)
euc,Brookto-1-1-1,ExoticPerennialHerb_cover,Brookto,non_grass_understory,conclusive,none,eucalpytus (teams = 66)
euc,Brookto-1-1-1,ExoticPerennialGrass_cover,Brookto,grass,conclusive,none,eucalpytus (teams = 66)
euc,Brookto-1-1-1,ExoticShrub_cover,Brookto,shrub,conclusive,none,eucalpytus (teams = 66)
euc,Brookto-1-1-1,NativePerennialFern_cover,Brookto,non_grass_understory,conclusive,none,eucalpytus (teams = 66)
euc,Brookto-1-1-1,NativePerennialGrass_cover,Brookto,grass,conclusive,none,eucalpytus (teams = 66)
euc,Brookto-1-1-1,NativePerennialHerb_cover,Brookto,non_grass_understory,conclusive,none,eucalpytus (teams = 66)
euc,Brookto-1-1-1,NativePerennialGraminoid_cover,Brookto,grass,conclusive,none,eucalpytus (teams = 66)
euc,Brookto-1-1-1,NativeShrub_cover,Brookto,shrub,conclusive,none,eucalpytus (teams = 66)
euc,Brookto-1-1-1,BareGround_cover,Brookto,non_veg_groundlayer,conclusive,none,eucalpytus (teams = 66)
euc,Brookto-1-1-1,Litter_cover,Brookto,non_veg_groundlayer,conclusive,none,eucalpytus (teams = 66)
euc,Brookto-1-1-1,MossLichen_cover,Brookto,non_grass_understory,conclusive,none,eucalpytus (teams = 66)
euc,Brookto-1-1-1,Rock_cover,Brookto,non_veg_groundlayer,conclusive,none,eucalpytus (teams = 66)
euc,Brookto-1-1-1,Euc_canopy_cover,Brookto,propagule_pressure,conclusive,none,eucalpytus (teams = 66)
euc,Brookto-1-1-1,Distance_to_Eucalypt_canopy(m),Brookto,propagule_pressure,conclusive,none,eucalpytus (teams = 66)
euc,Brookto-1-1-1,euc_sdlgs0_50cm,Brookto,seedings,conclusive,none,eucalpytus (teams = 66)
euc,Brookto-1-1-1,euc_sdlgs50cm-2m,Brookto,seedings,conclusive,none,eucalpytus (teams = 66)
euc,Brookto-1-1-1,euc_sdlgs>2m,Brookto,seedings,conclusive,none,eucalpytus (teams = 66)
euc,Brookto-1-1-1,PET,Brookto,water_availability,conclusive,none,eucalpytus (teams = 66)
euc,Brookto-1-1-1,K_perc,Brookto,nutrients,conclusive,none,eucalpytus (teams = 66)
euc,Brookto-1-1-1,Th_ppm,Brookto,nutrients,conclusive,none,eucalpytus (teams = 66)
euc,Brookto-1-1-1,U_ppm,Brookto,nutrients,conclusive,none,eucalpytus (teams = 66)
euc,Brookto-1-1-1,all_grass,Brookto,grass,conclusive,none,eucalpytus (teams = 66)
euc,Brookto-1-1-1,soilPC1,Brookto,nutrients,conclusive,none,eucalpytus (teams = 66)
euc,Brookto-1-1-1,coverPC1,Brookto,understory,conclusive,none,eucalpytus (teams = 66)
euc,Brookto-1-1-1,coverPC2,Brookto,understory,conclusive,none,eucalpytus (teams = 66)
euc,Brookto-1-1-1,coverPC3,Brookto,understory,conclusive,none,eucalpytus (teams = 66)
euc,Broulee-1-1-1,Season,Broulee,timing,qualified,negative,eucalpytus (teams = 66)
euc,Broulee-1-1-1,Property,Broulee,location,qualified,negative,eucalpytus (teams = 66)
euc,Broulee-1-1-1,Landscape position,Broulee,location,qualified,negative,eucalpytus (teams = 66)
euc,Broulee-1-1-1,ExoticAnnualGrass_cover,Broulee,grass,qualified,negative,eucalpytus (teams = 66)
euc,Broulee-1-1-1,ExoticPerennialGrass_cover,Broulee,grass,qualified,negative,eucalpytus (teams = 66)
euc,Broulee-1-1-1,NativePerennialGrass_cover,Broulee,grass,qualified,negative,eucalpytus (teams = 66)
euc,Broulee-1-1-1,Litter_cover,Broulee,non_veg_groundlayer,qualified,negative,eucalpytus (teams = 66)
euc,Broulee-1-1-1,Distance_to_Eucalypt_canopy(m),Broulee,propagule_pressure,qualified,negative,eucalpytus (teams = 66)
euc,Broulee-1-1-1,euc_sdlgs0_50cm,Broulee,seedings,qualified,negative,eucalpytus (teams = 66)
euc,Broulee-1-1-1,annual_precipitation,Broulee,water_availability,qualified,negative,eucalpytus (teams = 66)
euc,Broulee-1-1-1,K_perc,Broulee,nutrients,qualified,negative,eucalpytus (teams = 66)
euc,Broulee-1-1-1,SRad_Jul,Broulee,sunlight,qualified,negative,eucalpytus (teams = 66)
euc,Buderim-1-1-1,Date,Buderim,timing,conclusive,negative,eucalpytus (teams = 66)
euc,Buderim-1-1-1,Easting,Buderim,location,conclusive,negative,eucalpytus (teams = 66)
euc,Buderim-1-1-1,Northing,Buderim,location,conclusive,negative,eucalpytus (teams = 66)
euc,Buderim-1-1-1,ExoticAnnualGrass_cover,Buderim,grass,conclusive,negative,eucalpytus (teams = 66)
euc,Buderim-1-1-1,ExoticAnnualHerb_cover,Buderim,non_grass_understory,conclusive,negative,eucalpytus (teams = 66)
euc,Buderim-1-1-1,ExoticPerennialHerb_cover,Buderim,non_grass_understory,conclusive,negative,eucalpytus (teams = 66)
euc,Buderim-1-1-1,ExoticPerennialGrass_cover,Buderim,grass,conclusive,negative,eucalpytus (teams = 66)
euc,Buderim-1-1-1,ExoticShrub_cover,Buderim,shrub,conclusive,negative,eucalpytus (teams = 66)
euc,Buderim-1-1-1,NativePerennialFern_cover,Buderim,non_grass_understory,conclusive,negative,eucalpytus (teams = 66)
euc,Buderim-1-1-1,NativePerennialGrass_cover,Buderim,grass,conclusive,negative,eucalpytus (teams = 66)
euc,Buderim-1-1-1,NativePerennialHerb_cover,Buderim,non_grass_understory,conclusive,negative,eucalpytus (teams = 66)
euc,Buderim-1-1-1,NativePerennialGraminoid_cover,Buderim,grass,conclusive,negative,eucalpytus (teams = 66)
euc,Buderim-1-1-1,NativeShrub_cover,Buderim,shrub,conclusive,negative,eucalpytus (teams = 66)
euc,Buderim-1-1-1,Distance_to_Eucalypt_canopy(m),Buderim,propagule_pressure,conclusive,negative,eucalpytus (teams = 66)
euc,Buderim-1-1-1,euc_sdlgs0_50cm,Buderim,seedings,conclusive,negative,eucalpytus (teams = 66)
euc,Buderim-1-1-1,euc_sdlgs50cm-2m,Buderim,seedings,conclusive,negative,eucalpytus (teams = 66)
euc,Buderim-1-1-1,euc_sdlgs>2m,Buderim,seedings,conclusive,negative,eucalpytus (teams = 66)
euc,Buderim-1-1-1,PET,Buderim,water_availability,conclusive,negative,eucalpytus (teams = 66)
euc,Candelo-4-4-1,Property,Candelo,location,qualified,negative,eucalpytus (teams = 66)
euc,Candelo-4-4-1,Quadrat no,Candelo,id,qualified,negative,eucalpytus (teams = 66)
euc,Candelo-4-4-1,euc_sdlgs0_50cm,Candelo,seedings,qualified,negative,eucalpytus (teams = 66)
euc,Candelo-4-4-1,euc_sdlgs50cm-2m,Candelo,seedings,qualified,negative,eucalpytus (teams = 66)
euc,Candelo-4-4-1,euc_sdlgs>2m,Candelo,seedings,qualified,negative,eucalpytus (teams = 66)
euc,Candelo-3-3-1,Distance_to_Eucalypt_canopy(m),Candelo,propagule_pressure,qualified,negative,eucalpytus (teams = 66)
euc,Candelo-3-3-1,all_grass,Candelo,grass,qualified,negative,eucalpytus (teams = 66)
euc,Candelo-1-1-1,Property,Candelo,location,qualified,negative,eucalpytus (teams = 66)
euc,Candelo-1-1-1,Quadrat no,Candelo,id,qualified,negative,eucalpytus (teams = 66)
euc,Candelo-1-1-1,Distance_to_Eucalypt_canopy(m),Candelo,propagule_pressure,qualified,negative,eucalpytus (teams = 66)
euc,Candelo-1-1-1,euc_sdlgs0_50cm,Candelo,seedings,qualified,negative,eucalpytus (teams = 66)
euc,Candelo-2-2-1,Property,Candelo,location,qualified,negative,eucalpytus (teams = 66)
euc,Candelo-2-2-1,Quadrat no,Candelo,id,qualified,negative,eucalpytus (teams = 66)
euc,Candelo-2-2-1,Distance_to_Eucalypt_canopy(m),Candelo,propagule_pressure,qualified,negative,eucalpytus (teams = 66)
euc,Candelo-2-2-1,euc_sdlgs50cm-2m,Candelo,seedings,qualified,negative,eucalpytus (teams = 66)
euc,Carcoar-1-1-1,Season,Carcoar,timing,conclusive,none,eucalpytus (teams = 66)
euc,Carcoar-1-1-1,Property,Carcoar,location,conclusive,none,eucalpytus (teams = 66)
euc,Carcoar-1-1-1,ExoticAnnualGrass_cover,Carcoar,grass,conclusive,none,eucalpytus (teams = 66)
euc,Carcoar-1-1-1,Distance_to_Eucalypt_canopy(m),Carcoar,propagule_pressure,conclusive,none,eucalpytus (teams = 66)
euc,Carcoar-1-1-1,all_perennial_grass,Carcoar,grass,conclusive,none,eucalpytus (teams = 66)
euc,Carnama-1-1-1,SurveyID,Carnama,id,conclusive,mixed,eucalpytus (teams = 66)
euc,Carnama-1-1-1,Season,Carnama,timing,conclusive,mixed,eucalpytus (teams = 66)
euc,Carnama-1-1-1,Property,Carnama,location,conclusive,mixed,eucalpytus (teams = 66)
euc,Carnama-1-1-1,ExoticAnnualGrass_cover,Carnama,grass,conclusive,mixed,eucalpytus (teams = 66)
euc,Carnama-1-1-1,ExoticPerennialGrass_cover,Carnama,grass,conclusive,mixed,eucalpytus (teams = 66)
euc,Carnama-1-1-1,NativePerennialGrass_cover,Carnama,grass,conclusive,mixed,eucalpytus (teams = 66)
euc,Chewton-1-1-1,Property,Chewton,location,conclusive,positive,eucalpytus (teams = 66)
euc,Chewton-1-1-1,Aspect,Chewton,location,conclusive,positive,eucalpytus (teams = 66)
euc,Chewton-1-1-1,MossLichen_cover,Chewton,non_grass_understory,conclusive,positive,eucalpytus (teams = 66)
euc,Chewton-1-1-1,Euc_canopy_cover,Chewton,propagule_pressure,conclusive,positive,eucalpytus (teams = 66)
euc,Chewton-1-1-1,all_grass,Chewton,grass,conclusive,positive,eucalpytus (teams = 66)
euc,Aberdeen-1-1-1,Date,Aberdeen,timing,qualified,positive,eucalpytus (teams = 66)
euc,Aberdeen-1-1-1,Property,Aberdeen,location,qualified,positive,eucalpytus (teams = 66)
euc,Aberdeen-1-1-1,Quadrat no,Aberdeen,id,qualified,positive,eucalpytus (teams = 66)
euc,Aberdeen-1-1-1,Distance_to_Eucalypt_canopy(m),Aberdeen,propagule_pressure,qualified,positive,eucalpytus (teams = 66)
euc,Aberdeen-1-1-1,PET,Aberdeen,water_availability,qualified,positive,eucalpytus (teams = 66)
euc,Aberdeen-1-1-1,all_grass,Aberdeen,grass,qualified,positive,eucalpytus (teams = 66)
euc,Aberdeen-1-1-1,growing_space,Aberdeen,non_veg_groundlayer,qualified,positive,eucalpytus (teams = 66)
euc,Andamook-3-3-1,Property,Andamook,location,conclusive,negative,eucalpytus (teams = 66)
euc,Andamook-3-3-1,all_grass,Andamook,grass,conclusive,negative,eucalpytus (teams = 66)
euc,Andamook-1-1-1,Property,Andamook,location,conclusive,negative,eucalpytus (teams = 66)
euc,Andamook-1-1-1,ExoticAnnualGrass_cover,Andamook,grass,conclusive,negative,eucalpytus (teams = 66)
euc,Andamook-1-1-1,ExoticPerennialGrass_cover,Andamook,grass,conclusive,negative,eucalpytus (teams = 66)
euc,Andamook-1-1-1,NativePerennialGrass_cover,Andamook,grass,conclusive,negative,eucalpytus (teams = 66)
euc,Andamook-4-4-1,Property,Andamook,location,conclusive,negative,eucalpytus (teams = 66)
euc,Andamook-4-4-1,all_grass,Andamook,grass,conclusive,negative,eucalpytus (teams = 66)
euc,Andamook-2-2-1,Property,Andamook,location,conclusive,negative,eucalpytus (teams = 66)
euc,Andamook-2-2-1,ExoticAnnualGrass_cover,Andamook,grass,conclusive,negative,eucalpytus (teams = 66)
euc,Andamook-2-2-1,ExoticPerennialGrass_cover,Andamook,grass,conclusive,negative,eucalpytus (teams = 66)
euc,Andamook-2-2-1,NativePerennialGrass_cover,Andamook,grass,conclusive,negative,eucalpytus (teams = 66)
euc,Byrock-1-3-1,all_grass,Byrock,grass,qualified,negative,eucalpytus (teams = 66)
euc,Byrock-5-7-1,ExoticAnnualGrass_cover,Byrock,grass,qualified,negative,eucalpytus (teams = 66)
euc,Byrock-5-7-1,ExoticPerennialGrass_cover,Byrock,grass,qualified,negative,eucalpytus (teams = 66)
euc,Byrock-5-7-1,NativePerennialGrass_cover,Byrock,grass,qualified,negative,eucalpytus (teams = 66)
euc,Byrock-5-7-1,NativePerennialGraminoid_cover,Byrock,grass,qualified,negative,eucalpytus (teams = 66)
euc,Byrock-4-6-1,all_grass,Byrock,grass,qualified,negative,eucalpytus (teams = 66)
euc,Byrock-2-4-1,all_grass,Byrock,grass,qualified,negative,eucalpytus (teams = 66)
euc,Byrock-3-5-1,all_grass,Byrock,grass,qualified,negative,eucalpytus (teams = 66)
euc,Anglesea-1-1-1,ExoticAnnualGrass_cover,Anglesea,grass,qualified,negative,eucalpytus (teams = 66)
euc,Anglesea-1-1-1,ExoticPerennialGrass_cover,Anglesea,grass,qualified,negative,eucalpytus (teams = 66)
euc,Anglesea-1-1-1,NativePerennialGrass_cover,Anglesea,grass,qualified,negative,eucalpytus (teams = 66)
euc,Anglesea-2-2-1,ExoticAnnualGrass_cover,Anglesea,grass,qualified,negative,eucalpytus (teams = 66)
euc,Anglesea-2-2-1,ExoticPerennialGrass_cover,Anglesea,grass,qualified,negative,eucalpytus (teams = 66)
euc,Anglesea-2-2-1,NativePerennialGrass_cover,Anglesea,grass,qualified,negative,eucalpytus (teams = 66)
euc,Ardrossa-1-1-1,Property,Ardrossa,location,conclusive,none,eucalpytus (teams = 66)
euc,Ardrossa-1-1-1,Distance_to_Eucalypt_canopy(m),Ardrossa,propagule_pressure,conclusive,none,eucalpytus (teams = 66)
euc,Ardrossa-1-1-1,all_grass,Ardrossa,grass,conclusive,none,eucalpytus (teams = 66)
euc,Arkarool-1-1-1,K_perc,Arkarool,nutrients,conclusive,none,eucalpytus (teams = 66)
euc,Arkarool-1-1-1,Th_ppm,Arkarool,nutrients,conclusive,none,eucalpytus (teams = 66)
euc,Arkarool-1-1-1,all_grass,Arkarool,grass,conclusive,none,eucalpytus (teams = 66)
euc,Atherton-3-3-1,Season,Atherton,timing,conclusive,mixed,eucalpytus (teams = 66)
euc,Atherton-3-3-1,Property,Atherton,location,conclusive,mixed,eucalpytus (teams = 66)
euc,Atherton-3-3-1,ExoticAnnualGrass_cover,Atherton,grass,conclusive,mixed,eucalpytus (teams = 66)
euc,Atherton-1-1-1,Season,Atherton,timing,conclusive,mixed,eucalpytus (teams = 66)
euc,Atherton-1-1-1,Property,Atherton,location,conclusive,mixed,eucalpytus (teams = 66)
euc,Atherton-1-1-1,ExoticPerennialGrass_cover,Atherton,grass,conclusive,mixed,eucalpytus (teams = 66)
euc,Atherton-2-2-1,Season,Atherton,timing,conclusive,mixed,eucalpytus (teams = 66)
euc,Atherton-2-2-1,Property,Atherton,location,conclusive,mixed,eucalpytus (teams = 66)
euc,Atherton-2-2-1,ExoticAnnualGrass_cover,Atherton,grass,conclusive,mixed,eucalpytus (teams = 66)
euc,Atherton-2-2-1,ExoticPerennialGrass_cover,Atherton,grass,conclusive,mixed,eucalpytus (teams = 66)
euc,Balaklav-1-1-1,ExoticAnnualGrass_cover,Balaklav,grass,qualified,negative,eucalpytus (teams = 66)
euc,Balaklav-1-1-1,NativePerennialGrass_cover,Balaklav,grass,qualified,negative,eucalpytus (teams = 66)
euc,Balaklav-1-1-1,Litter_cover,Balaklav,non_veg_groundlayer,qualified,negative,eucalpytus (teams = 66)
euc,Balaklav-1-1-1,Euc_canopy_cover,Balaklav,propagule_pressure,qualified,negative,eucalpytus (teams = 66)
euc,Balaklav-1-1-1,Distance_to_Eucalypt_canopy(m),Balaklav,propagule_pressure,qualified,negative,eucalpytus (teams = 66)
euc,Balaklav-1-1-1,annual_precipitation,Balaklav,water_availability,qualified,negative,eucalpytus (teams = 66)
euc,Balaklav-1-1-1,K_perc,Balaklav,nutrients,qualified,negative,eucalpytus (teams = 66)
euc,Ballarat-1-1-1,Property,Ballarat,location,qualified,positive,eucalpytus (teams = 66)
euc,Ballarat-1-1-1,Quadrat no,Ballarat,id,qualified,positive,eucalpytus (teams = 66)
euc,Ballarat-1-1-1,Landscape position,Ballarat,location,qualified,positive,eucalpytus (teams = 66)
euc,Ballarat-1-1-1,ExoticAnnualGrass_cover,Ballarat,grass,qualified,positive,eucalpytus (teams = 66)
euc,Ballarat-1-1-1,ExoticPerennialHerb_cover,Ballarat,non_grass_understory,qualified,positive,eucalpytus (teams = 66)
euc,Ballarat-1-1-1,ExoticPerennialGrass_cover,Ballarat,grass,qualified,positive,eucalpytus (teams = 66)
euc,Ballarat-1-1-1,NativePerennialGrass_cover,Ballarat,grass,qualified,positive,eucalpytus (teams = 66)
euc,Ballarat-1-1-1,NativePerennialHerb_cover,Ballarat,non_grass_understory,qualified,positive,eucalpytus (teams = 66)
euc,Ballarat-1-1-1,Euc_canopy_cover,Ballarat,propagule_pressure,qualified,positive,eucalpytus (teams = 66)
euc,Ballarat-1-1-1,Distance_to_Eucalypt_canopy(m),Ballarat,propagule_pressure,qualified,positive,eucalpytus (teams = 66)
euc,Ballarat-1-1-1,K_perc,Ballarat,nutrients,qualified,positive,eucalpytus (teams = 66)
euc,Ballarat-1-1-1,Th_ppm,Ballarat,nutrients,qualified,positive,eucalpytus (teams = 66)
euc,Ballarat-1-1-1,U_ppm,Ballarat,nutrients,qualified,positive,eucalpytus (teams = 66)
euc,Ballarat-1-1-1,bare,Ballarat,non_veg_groundlayer,qualified,positive,eucalpytus (teams = 66)
euc,Ballarat-1-1-1,precip_max_range,Ballarat,water_availability,qualified,positive,eucalpytus (teams = 66)
euc,Balmoral-1-1-1,Season,Balmoral,timing,conclusive,none,eucalpytus (teams = 66)
euc,Balmoral-1-1-1,Property,Balmoral,location,conclusive,none,eucalpytus (teams = 66)
euc,Balmoral-1-1-1,ExoticAnnualGrass_cover,Balmoral,grass,conclusive,none,eucalpytus (teams = 66)
euc,Balmoral-1-1-1,ExoticPerennialGrass_cover,Balmoral,grass,conclusive,none,eucalpytus (teams = 66)
euc,Balmoral-1-1-1,NativePerennialGrass_cover,Balmoral,grass,conclusive,none,eucalpytus (teams = 66)
euc,Bangalow-1-1-1,Season,Bangalow,timing,qualified,none,eucalpytus (teams = 66)
euc,Bangalow-1-1-1,Property,Bangalow,location,qualified,none,eucalpytus (teams = 66)
euc,Bangalow-1-1-1,Quadrat no,Bangalow,id,qualified,none,eucalpytus (teams = 66)
euc,Bangalow-1-1-1,Landscape position,Bangalow,location,qualified,none,eucalpytus (teams = 66)
euc,Bangalow-1-1-1,Distance_to_Eucalypt_canopy(m),Bangalow,propagule_pressure,qualified,none,eucalpytus (teams = 66)
euc,Bangalow-1-1-1,annual_precipitation,Bangalow,water_availability,qualified,none,eucalpytus (teams = 66)
euc,Bangalow-1-1-1,all_grass,Bangalow,grass,qualified,none,eucalpytus (teams = 66)
euc,Bangalow-2-2-1,Season,Bangalow,timing,qualified,none,eucalpytus (teams = 66)
euc,Bangalow-2-2-1,Property,Bangalow,location,qualified,none,eucalpytus (teams = 66)
euc,Bangalow-2-2-1,Quadrat no,Bangalow,id,qualified,none,eucalpytus (teams = 66)
euc,Bangalow-2-2-1,Landscape position,Bangalow,location,qualified,none,eucalpytus (teams = 66)
euc,Bangalow-2-2-1,ExoticAnnualGrass_cover,Bangalow,grass,qualified,none,eucalpytus (teams = 66)
euc,Bangalow-2-2-1,ExoticPerennialGrass_cover,Bangalow,grass,qualified,none,eucalpytus (teams = 66)
euc,Bangalow-2-2-1,NativePerennialGrass_cover,Bangalow,grass,qualified,none,eucalpytus (teams = 66)
euc,Bangalow-2-2-1,Distance_to_Eucalypt_canopy(m),Bangalow,propagule_pressure,qualified,none,eucalpytus (teams = 66)
euc,Bangalow-2-2-1,annual_precipitation,Bangalow,water_availability,qualified,none,eucalpytus (teams = 66)
euc,Bangalow-3-3-1,Season,Bangalow,timing,qualified,none,eucalpytus (teams = 66)
euc,Bangalow-3-3-1,Property,Bangalow,location,qualified,none,eucalpytus (teams = 66)
euc,Bangalow-3-3-1,Quadrat no,Bangalow,id,qualified,none,eucalpytus (teams = 66)
euc,Bangalow-3-3-1,Landscape position,Bangalow,location,qualified,none,eucalpytus (teams = 66)
euc,Bangalow-3-3-1,Distance_to_Eucalypt_canopy(m),Bangalow,propagule_pressure,qualified,none,eucalpytus (teams = 66)
euc,Bangalow-3-3-1,annual_precipitation,Bangalow,water_availability,qualified,none,eucalpytus (teams = 66)
euc,Bangalow-3-3-1,all_grass,Bangalow,grass,qualified,none,eucalpytus (teams = 66)
euc,Bangalow-4-4-1,Season,Bangalow,timing,qualified,none,eucalpytus (teams = 66)
euc,Bangalow-4-4-1,Property,Bangalow,location,qualified,none,eucalpytus (teams = 66)
euc,Bangalow-4-4-1,Quadrat no,Bangalow,id,qualified,none,eucalpytus (teams = 66)
euc,Bangalow-4-4-1,Landscape position,Bangalow,location,qualified,none,eucalpytus (teams = 66)
euc,Bangalow-4-4-1,ExoticAnnualGrass_cover,Bangalow,grass,qualified,none,eucalpytus (teams = 66)
euc,Bangalow-4-4-1,ExoticPerennialGrass_cover,Bangalow,grass,qualified,none,eucalpytus (teams = 66)
euc,Bangalow-4-4-1,NativePerennialGrass_cover,Bangalow,grass,qualified,none,eucalpytus (teams = 66)
euc,Bangalow-4-4-1,Distance_to_Eucalypt_canopy(m),Bangalow,propagule_pressure,qualified,none,eucalpytus (teams = 66)
euc,Bangalow-4-4-1,euc_sdlgs50cm-2m,Bangalow,seedings,qualified,none,eucalpytus (teams = 66)
euc,Bangalow-4-4-1,annual_precipitation,Bangalow,water_availability,qualified,none,eucalpytus (teams = 66)
euc,Barellan-1-1-1,SurveyID,Barellan,id,conclusive,none,eucalpytus (teams = 66)
euc,Barellan-1-1-1,Season,Barellan,timing,conclusive,none,eucalpytus (teams = 66)
euc,Barellan-1-1-1,Property,Barellan,location,conclusive,none,eucalpytus (teams = 66)
euc,Barellan-1-1-1,Aspect,Barellan,location,conclusive,none,eucalpytus (teams = 66)
euc,Barellan-1-1-1,ExoticAnnualGrass_cover,Barellan,grass,conclusive,none,eucalpytus (teams = 66)
euc,Barellan-1-1-1,ExoticAnnualHerb_cover,Barellan,non_grass_understory,conclusive,none,eucalpytus (teams = 66)
euc,Barellan-1-1-1,ExoticPerennialHerb_cover,Barellan,non_grass_understory,conclusive,none,eucalpytus (teams = 66)
euc,Barellan-1-1-1,ExoticPerennialGrass_cover,Barellan,grass,conclusive,none,eucalpytus (teams = 66)
euc,Barellan-1-1-1,ExoticShrub_cover,Barellan,shrub,conclusive,none,eucalpytus (teams = 66)
euc,Barellan-1-1-1,NativePerennialFern_cover,Barellan,non_grass_understory,conclusive,none,eucalpytus (teams = 66)
euc,Barellan-1-1-1,NativePerennialGrass_cover,Barellan,grass,conclusive,none,eucalpytus (teams = 66)
euc,Barellan-1-1-1,NativePerennialHerb_cover,Barellan,non_grass_understory,conclusive,none,eucalpytus (teams = 66)
euc,Barellan-1-1-1,NativePerennialGraminoid_cover,Barellan,grass,conclusive,none,eucalpytus (teams = 66)
euc,Barellan-1-1-1,NativeShrub_cover,Barellan,shrub,conclusive,none,eucalpytus (teams = 66)
euc,Barellan-1-1-1,BareGround_cover,Barellan,non_veg_groundlayer,conclusive,none,eucalpytus (teams = 66)
euc,Barellan-1-1-1,Litter_cover,Barellan,non_veg_groundlayer,conclusive,none,eucalpytus (teams = 66)
euc,Barellan-1-1-1,MossLichen_cover,Barellan,non_grass_understory,conclusive,none,eucalpytus (teams = 66)
euc,Barellan-1-1-1,Rock_cover,Barellan,non_veg_groundlayer,conclusive,none,eucalpytus (teams = 66)
euc,Barellan-1-1-1,Euc_canopy_cover,Barellan,propagule_pressure,conclusive,none,eucalpytus (teams = 66)
euc,Barellan-1-1-1,Distance_to_Eucalypt_canopy(m),Barellan,propagule_pressure,conclusive,none,eucalpytus (teams = 66)
euc,Barellan-1-1-1,euc_sdlgs0_50cm,Barellan,seedings,conclusive,none,eucalpytus (teams = 66)
euc,Barellan-1-1-1,euc_sdlgs50cm-2m,Barellan,seedings,conclusive,none,eucalpytus (teams = 66)
euc,Barellan-1-1-1,euc_sdlgs>2m,Barellan,seedings,conclusive,none,eucalpytus (teams = 66)
euc,Barellan-1-1-1,annual_precipitation,Barellan,water_availability,conclusive,none,eucalpytus (teams = 66)
euc,Barellan-1-1-1,precipitation_warmest_quarter,Barellan,temperature,conclusive,none,eucalpytus (teams = 66)
euc,Barellan-1-1-1,precipitation_coldest_quarter,Barellan,temperature,conclusive,none,eucalpytus (teams = 66)
euc,Barellan-1-1-1,PET,Barellan,water_availability,conclusive,none,eucalpytus (teams = 66)
euc,Barellan-1-1-1,MrVBF,Barellan,location,conclusive,none,eucalpytus (teams = 66)
euc,Barellan-1-1-1,K_perc,Barellan,nutrients,conclusive,none,eucalpytus (teams = 66)
euc,Barellan-1-1-1,Th_ppm,Barellan,nutrients,conclusive,none,eucalpytus (teams = 66)
euc,Barellan-1-1-1,U_ppm,Barellan,nutrients,conclusive,none,eucalpytus (teams = 66)
euc,Barellan-1-1-1,SRad_Jan,Barellan,sunlight,conclusive,none,eucalpytus (teams = 66)
euc,Barellan-1-1-1,SRad_Jul,Barellan,sunlight,conclusive,none,eucalpytus (teams = 66)
euc,Batchelo-1-1-1,all_grass,Batchelo,grass,qualified,none,eucalpytus (teams = 66)
euc,Batchelo-2-2-1,ExoticAnnualGrass_cover,Batchelo,grass,qualified,none,eucalpytus (teams = 66)
euc,Batchelo-2-2-1,ExoticPerennialGrass_cover,Batchelo,grass,qualified,none,eucalpytus (teams = 66)
euc,Batchelo-2-2-1,NativePerennialGrass_cover,Batchelo,grass,qualified,none,eucalpytus (teams = 66)
euc,Batchelo-2-2-1,euc_sdlgs0_50cm,Batchelo,seedings,qualified,none,eucalpytus (teams = 66)
euc,Batchelo-2-2-1,euc_sdlgs50cm-2m,Batchelo,seedings,qualified,none,eucalpytus (teams = 66)
euc,Batchelo-2-2-1,euc_sdlgs>2m,Batchelo,seedings,qualified,none,eucalpytus (teams = 66)
euc,Bathurst-1-1-1,Season,Bathurst,timing,conclusive,none,eucalpytus (teams = 66)
euc,Bathurst-1-1-1,Property,Bathurst,location,conclusive,none,eucalpytus (teams = 66)
euc,Bathurst-1-1-1,Quadrat no,Bathurst,id,conclusive,none,eucalpytus (teams = 66)
euc,Bathurst-1-1-1,Landscape position,Bathurst,location,conclusive,none,eucalpytus (teams = 66)
euc,Bathurst-1-1-1,Litter_cover,Bathurst,non_veg_groundlayer,conclusive,none,eucalpytus (teams = 66)
euc,Bathurst-1-1-1,Distance_to_Eucalypt_canopy(m),Bathurst,propagule_pressure,conclusive,none,eucalpytus (teams = 66)
euc,Bathurst-1-1-1,PET,Bathurst,water_availability,conclusive,none,eucalpytus (teams = 66)
euc,Bathurst-1-1-1,K_perc,Bathurst,nutrients,conclusive,none,eucalpytus (teams = 66)
euc,Bathurst-1-1-1,all_grass,Bathurst,grass,conclusive,none,eucalpytus (teams = 66)
euc,Bathurst-1-1-1,all_non-grass_veg,Bathurst,non_grass_understory,conclusive,none,eucalpytus (teams = 66)
euc,Beachpor-1-1-1,Season,Beachpor,timing,conclusive,none,eucalpytus (teams = 66)
euc,Beachpor-1-1-1,Easting,Beachpor,location,conclusive,none,eucalpytus (teams = 66)
euc,Beachpor-1-1-1,Northing,Beachpor,location,conclusive,none,eucalpytus (teams = 66)
euc,Beachpor-1-1-1,ExoticAnnualGrass_cover,Beachpor,grass,conclusive,none,eucalpytus (teams = 66)
euc,Beachpor-1-1-1,ExoticPerennialGrass_cover,Beachpor,grass,conclusive,none,eucalpytus (teams = 66)
euc,Beachpor-1-1-1,NativePerennialGrass_cover,Beachpor,grass,conclusive,none,eucalpytus (teams = 66)
euc,Beachpor-1-1-1,Euc_canopy_cover,Beachpor,propagule_pressure,conclusive,none,eucalpytus (teams = 66)
euc,Beachpor-1-1-1,euc_sdlgs50cm-2m,Beachpor,seedings,conclusive,none,eucalpytus (teams = 66)
euc,Beachpor-1-1-1,MrVBF,Beachpor,location,conclusive,none,eucalpytus (teams = 66)
euc,Beachpor-1-1-2,Season,Beachpor,timing,conclusive,none,eucalpytus (teams = 66)
euc,Beachpor-1-1-2,Easting,Beachpor,location,conclusive,none,eucalpytus (teams = 66)
euc,Beachpor-1-1-2,Northing,Beachpor,location,conclusive,none,eucalpytus (teams = 66)
euc,Beachpor-1-1-2,ExoticAnnualGrass_cover,Beachpor,grass,conclusive,none,eucalpytus (teams = 66)
euc,Beachpor-1-1-2,ExoticPerennialGrass_cover,Beachpor,grass,conclusive,none,eucalpytus (teams = 66)
euc,Beachpor-1-1-2,NativePerennialGrass_cover,Beachpor,grass,conclusive,none,eucalpytus (teams = 66)
euc,Beachpor-1-1-2,Euc_canopy_cover,Beachpor,propagule_pressure,conclusive,none,eucalpytus (teams = 66)
euc,Beachpor-1-1-2,euc_sdlgs50cm-2m,Beachpor,seedings,conclusive,none,eucalpytus (teams = 66)
euc,Beachpor-1-1-2,MrVBF,Beachpor,location,conclusive,none,eucalpytus (teams = 66)
euc,Beachpor-1-1-3,Season,Beachpor,timing,conclusive,none,eucalpytus (teams = 66)
euc,Beachpor-1-1-3,Easting,Beachpor,location,conclusive,none,eucalpytus (teams = 66)
euc,Beachpor-1-1-3,Northing,Beachpor,location,conclusive,none,eucalpytus (teams = 66)
euc,Beachpor-1-1-3,ExoticAnnualGrass_cover,Beachpor,grass,conclusive,none,eucalpytus (teams = 66)
euc,Beachpor-1-1-3,ExoticPerennialGrass_cover,Beachpor,grass,conclusive,none,eucalpytus (teams = 66)
euc,Beachpor-1-1-3,NativePerennialGrass_cover,Beachpor,grass,conclusive,none,eucalpytus (teams = 66)
euc,Beachpor-1-1-3,Euc_canopy_cover,Beachpor,propagule_pressure,conclusive,none,eucalpytus (teams = 66)
euc,Beachpor-1-1-3,euc_sdlgs50cm-2m,Beachpor,seedings,conclusive,none,eucalpytus (teams = 66)
euc,Beachpor-1-1-3,MrVBF,Beachpor,location,conclusive,none,eucalpytus (teams = 66)
euc,Beachpor-2-2-1,Season,Beachpor,timing,conclusive,none,eucalpytus (teams = 66)
euc,Beachpor-2-2-1,Easting,Beachpor,location,conclusive,none,eucalpytus (teams = 66)
euc,Beachpor-2-2-1,Northing,Beachpor,location,conclusive,none,eucalpytus (teams = 66)
euc,Beachpor-2-2-1,ExoticAnnualGrass_cover,Beachpor,grass,conclusive,none,eucalpytus (teams = 66)
euc,Beachpor-2-2-1,ExoticAnnualHerb_cover,Beachpor,non_grass_understory,conclusive,none,eucalpytus (teams = 66)
euc,Beachpor-2-2-1,ExoticPerennialHerb_cover,Beachpor,non_grass_understory,conclusive,none,eucalpytus (teams = 66)
euc,Beachpor-2-2-1,ExoticPerennialGrass_cover,Beachpor,grass,conclusive,none,eucalpytus (teams = 66)
euc,Beachpor-2-2-1,ExoticShrub_cover,Beachpor,shrub,conclusive,none,eucalpytus (teams = 66)
euc,Beachpor-2-2-1,NativePerennialFern_cover,Beachpor,non_grass_understory,conclusive,none,eucalpytus (teams = 66)
euc,Beachpor-2-2-1,NativePerennialGrass_cover,Beachpor,grass,conclusive,none,eucalpytus (teams = 66)
euc,Beachpor-2-2-1,NativePerennialGraminoid_cover,Beachpor,grass,conclusive,none,eucalpytus (teams = 66)
euc,Beachpor-2-2-1,NativeShrub_cover,Beachpor,shrub,conclusive,none,eucalpytus (teams = 66)
euc,Beachpor-2-2-1,Euc_canopy_cover,Beachpor,propagule_pressure,conclusive,none,eucalpytus (teams = 66)
euc,Beachpor-2-2-1,euc_sdlgs0_50cm,Beachpor,seedings,conclusive,none,eucalpytus (teams = 66)
euc,Beachpor-2-2-1,MrVBF,Beachpor,location,conclusive,none,eucalpytus (teams = 66)
euc,Beachpor-2-2-1,K_perc,Beachpor,nutrients,conclusive,none,eucalpytus (teams = 66)
euc,Beachpor-2-2-1,Th_ppm,Beachpor,nutrients,conclusive,none,eucalpytus (teams = 66)
euc,Beachpor-2-2-1,U_ppm,Beachpor,nutrients,conclusive,none,eucalpytus (teams = 66)
euc,Beachpor-2-2-2,Season,Beachpor,timing,conclusive,none,eucalpytus (teams = 66)
euc,Beachpor-2-2-2,Easting,Beachpor,location,conclusive,none,eucalpytus (teams = 66)
euc,Beachpor-2-2-2,Northing,Beachpor,location,conclusive,none,eucalpytus (teams = 66)
euc,Beachpor-2-2-2,ExoticAnnualGrass_cover,Beachpor,grass,conclusive,none,eucalpytus (teams = 66)
euc,Beachpor-2-2-2,ExoticAnnualHerb_cover,Beachpor,non_grass_understory,conclusive,none,eucalpytus (teams = 66)
euc,Beachpor-2-2-2,ExoticPerennialHerb_cover,Beachpor,non_grass_understory,conclusive,none,eucalpytus (teams = 66)
euc,Beachpor-2-2-2,ExoticPerennialGrass_cover,Beachpor,grass,conclusive,none,eucalpytus (teams = 66)
euc,Beachpor-2-2-2,ExoticShrub_cover,Beachpor,shrub,conclusive,none,eucalpytus (teams = 66)
euc,Beachpor-2-2-2,NativePerennialFern_cover,Beachpor,non_grass_understory,conclusive,none,eucalpytus (teams = 66)
euc,Beachpor-2-2-2,NativePerennialGrass_cover,Beachpor,grass,conclusive,none,eucalpytus (teams = 66)
euc,Beachpor-2-2-2,NativePerennialGraminoid_cover,Beachpor,grass,conclusive,none,eucalpytus (teams = 66)
euc,Beachpor-2-2-2,NativeShrub_cover,Beachpor,shrub,conclusive,none,eucalpytus (teams = 66)
euc,Beachpor-2-2-2,Euc_canopy_cover,Beachpor,propagule_pressure,conclusive,none,eucalpytus (teams = 66)
euc,Beachpor-2-2-2,euc_sdlgs0_50cm,Beachpor,seedings,conclusive,none,eucalpytus (teams = 66)
euc,Beachpor-2-2-2,MrVBF,Beachpor,location,conclusive,none,eucalpytus (teams = 66)
euc,Beachpor-2-2-2,K_perc,Beachpor,nutrients,conclusive,none,eucalpytus (teams = 66)
euc,Beachpor-2-2-2,Th_ppm,Beachpor,nutrients,conclusive,none,eucalpytus (teams = 66)
euc,Beachpor-2-2-2,U_ppm,Beachpor,nutrients,conclusive,none,eucalpytus (teams = 66)
euc,Beachpor-2-2-3,Season,Beachpor,timing,conclusive,none,eucalpytus (teams = 66)
euc,Beachpor-2-2-3,Easting,Beachpor,location,conclusive,none,eucalpytus (teams = 66)
euc,Beachpor-2-2-3,Northing,Beachpor,location,conclusive,none,eucalpytus (teams = 66)
euc,Beachpor-2-2-3,ExoticAnnualGrass_cover,Beachpor,grass,conclusive,none,eucalpytus (teams = 66)
euc,Beachpor-2-2-3,ExoticAnnualHerb_cover,Beachpor,non_grass_understory,conclusive,none,eucalpytus (teams = 66)
euc,Beachpor-2-2-3,ExoticPerennialHerb_cover,Beachpor,non_grass_understory,conclusive,none,eucalpytus (teams = 66)
euc,Beachpor-2-2-3,ExoticPerennialGrass_cover,Beachpor,grass,conclusive,none,eucalpytus (teams = 66)
euc,Beachpor-2-2-3,ExoticShrub_cover,Beachpor,shrub,conclusive,none,eucalpytus (teams = 66)
euc,Beachpor-2-2-3,NativePerennialFern_cover,Beachpor,non_grass_understory,conclusive,none,eucalpytus (teams = 66)
euc,Beachpor-2-2-3,NativePerennialGrass_cover,Beachpor,grass,conclusive,none,eucalpytus (teams = 66)
euc,Beachpor-2-2-3,NativePerennialGraminoid_cover,Beachpor,grass,conclusive,none,eucalpytus (teams = 66)
euc,Beachpor-2-2-3,NativeShrub_cover,Beachpor,shrub,conclusive,none,eucalpytus (teams = 66)
euc,Beachpor-2-2-3,Euc_canopy_cover,Beachpor,propagule_pressure,conclusive,none,eucalpytus (teams = 66)
euc,Beachpor-2-2-3,euc_sdlgs0_50cm,Beachpor,seedings,conclusive,none,eucalpytus (teams = 66)
euc,Beachpor-2-2-3,MrVBF,Beachpor,location,conclusive,none,eucalpytus (teams = 66)
euc,Beachpor-2-2-3,K_perc,Beachpor,nutrients,conclusive,none,eucalpytus (teams = 66)
euc,Beachpor-2-2-3,Th_ppm,Beachpor,nutrients,conclusive,none,eucalpytus (teams = 66)
euc,Beachpor-2-2-3,U_ppm,Beachpor,nutrients,conclusive,none,eucalpytus (teams = 66)
euc,Beaufort-2-2-1,Season,Beaufort,timing,qualified,none,eucalpytus (teams = 66)
euc,Beaufort-2-2-1,Property,Beaufort,location,qualified,none,eucalpytus (teams = 66)
euc,Beaufort-2-2-1,ExoticAnnualGrass_cover,Beaufort,grass,qualified,none,eucalpytus (teams = 66)
euc,Beaufort-2-2-1,ExoticAnnualHerb_cover,Beaufort,non_grass_understory,qualified,none,eucalpytus (teams = 66)
euc,Beaufort-2-2-1,ExoticPerennialHerb_cover,Beaufort,non_grass_understory,qualified,none,eucalpytus (teams = 66)
euc,Beaufort-2-2-1,ExoticPerennialGrass_cover,Beaufort,grass,qualified,none,eucalpytus (teams = 66)
euc,Beaufort-2-2-1,NativePerennialFern_cover,Beaufort,non_grass_understory,qualified,none,eucalpytus (teams = 66)
euc,Beaufort-2-2-1,NativePerennialGrass_cover,Beaufort,grass,qualified,none,eucalpytus (teams = 66)
euc,Beaufort-2-2-1,NativePerennialHerb_cover,Beaufort,non_grass_understory,qualified,none,eucalpytus (teams = 66)
euc,Beaufort-2-2-1,NativePerennialGraminoid_cover,Beaufort,grass,qualified,none,eucalpytus (teams = 66)
euc,Beaufort-2-2-1,Euc_canopy_cover,Beaufort,propagule_pressure,qualified,none,eucalpytus (teams = 66)
euc,Beaufort-2-2-1,Distance_to_Eucalypt_canopy(m),Beaufort,propagule_pressure,qualified,none,eucalpytus (teams = 66)
euc,Beaufort-1-1-1,Season,Beaufort,timing,qualified,none,eucalpytus (teams = 66)
euc,Beaufort-1-1-1,Property,Beaufort,location,qualified,none,eucalpytus (teams = 66)
euc,Beaufort-1-1-1,ExoticAnnualGrass_cover,Beaufort,grass,qualified,none,eucalpytus (teams = 66)
euc,Beaufort-1-1-1,ExoticAnnualHerb_cover,Beaufort,non_grass_understory,qualified,none,eucalpytus (teams = 66)
euc,Beaufort-1-1-1,ExoticPerennialHerb_cover,Beaufort,non_grass_understory,qualified,none,eucalpytus (teams = 66)
euc,Beaufort-1-1-1,ExoticPerennialGrass_cover,Beaufort,grass,qualified,none,eucalpytus (teams = 66)
euc,Beaufort-1-1-1,NativePerennialFern_cover,Beaufort,non_grass_understory,qualified,none,eucalpytus (teams = 66)
euc,Beaufort-1-1-1,NativePerennialGrass_cover,Beaufort,grass,qualified,none,eucalpytus (teams = 66)
euc,Beaufort-1-1-1,NativePerennialHerb_cover,Beaufort,non_grass_understory,qualified,none,eucalpytus (teams = 66)
euc,Beaufort-1-1-1,NativePerennialGraminoid_cover,Beaufort,grass,qualified,none,eucalpytus (teams = 66)
euc,Beaufort-1-1-1,Euc_canopy_cover,Beaufort,propagule_pressure,qualified,none,eucalpytus (teams = 66)
euc,Beaufort-1-1-1,Distance_to_Eucalypt_canopy(m),Beaufort,propagule_pressure,qualified,none,eucalpytus (teams = 66)
euc,Belgrave-1-1-1,Season,Belgrave,timing,qualified,negative,eucalpytus (teams = 66)
euc,Belgrave-1-1-1,Property,Belgrave,location,qualified,negative,eucalpytus (teams = 66)
euc,Belgrave-1-1-1,ExoticAnnualGrass_cover,Belgrave,grass,qualified,negative,eucalpytus (teams = 66)
euc,Belgrave-1-1-1,ExoticAnnualHerb_cover,Belgrave,non_grass_understory,qualified,negative,eucalpytus (teams = 66)
euc,Belgrave-1-1-1,ExoticPerennialGrass_cover,Belgrave,grass,qualified,negative,eucalpytus (teams = 66)
euc,Belgrave-1-1-1,NativePerennialGrass_cover,Belgrave,grass,qualified,negative,eucalpytus (teams = 66)
euc,Belgrave-1-1-1,Litter_cover,Belgrave,non_veg_groundlayer,qualified,negative,eucalpytus (teams = 66)
euc,Belgrave-1-1-1,MossLichen_cover,Belgrave,non_grass_understory,qualified,negative,eucalpytus (teams = 66)
euc,Belgrave-1-1-1,Euc_canopy_cover,Belgrave,propagule_pressure,qualified,negative,eucalpytus (teams = 66)
euc,Belgrave-1-1-1,Distance_to_Eucalypt_canopy(m),Belgrave,propagule_pressure,qualified,negative,eucalpytus (teams = 66)
euc,Belgrave-1-1-1,euc_sdlgs50cm-2m,Belgrave,seedings,qualified,negative,eucalpytus (teams = 66)
euc,Belgrave-1-1-1,euc_sdlgs>2m,Belgrave,seedings,qualified,negative,eucalpytus (teams = 66)
euc,Belgrave-1-1-1,precipitation_warmest_quarter,Belgrave,temperature,qualified,negative,eucalpytus (teams = 66)
euc,Belgrave-1-1-1,MrVBF,Belgrave,location,qualified,negative,eucalpytus (teams = 66)
euc,Bencubbi-1-1-1,Season,Bencubbi,timing,conclusive,none,eucalpytus (teams = 66)
euc,Bencubbi-1-1-1,Property,Bencubbi,location,conclusive,none,eucalpytus (teams = 66)
euc,Bencubbi-1-1-1,all_grass,Bencubbi,grass,conclusive,none,eucalpytus (teams = 66)
euc,Bermagui-1-3-1,Season,Bermagui,timing,qualified,mixed,eucalpytus (teams = 66)
euc,Bermagui-1-3-1,ExoticAnnualGrass_cover,Bermagui,grass,qualified,mixed,eucalpytus (teams = 66)
euc,Bermagui-1-3-1,annual_precipitation,Bermagui,water_availability,qualified,mixed,eucalpytus (teams = 66)
euc,Bermagui-1-3-1,precipitation_warmest_quarter,Bermagui,temperature,qualified,mixed,eucalpytus (teams = 66)
euc,Bermagui-1-3-1,sample,Bermagui,id,qualified,mixed,eucalpytus (teams = 66)
euc,Bermagui-1-3-2,Season,Bermagui,timing,qualified,mixed,eucalpytus (teams = 66)
euc,Bermagui-1-3-2,ExoticPerennialGrass_cover,Bermagui,grass,qualified,mixed,eucalpytus (teams = 66)
euc,Bermagui-1-3-2,annual_precipitation,Bermagui,water_availability,qualified,mixed,eucalpytus (teams = 66)
euc,Bermagui-1-3-2,precipitation_warmest_quarter,Bermagui,temperature,qualified,mixed,eucalpytus (teams = 66)
euc,Bermagui-1-3-2,sample,Bermagui,id,qualified,mixed,eucalpytus (teams = 66)
euc,Bermagui-1-3-3,Season,Bermagui,timing,qualified,mixed,eucalpytus (teams = 66)
euc,Bermagui-1-3-3,NativePerennialGrass_cover,Bermagui,grass,qualified,mixed,eucalpytus (teams = 66)
euc,Bermagui-1-3-3,annual_precipitation,Bermagui,water_availability,qualified,mixed,eucalpytus (teams = 66)
euc,Bermagui-1-3-3,precipitation_warmest_quarter,Bermagui,temperature,qualified,mixed,eucalpytus (teams = 66)
euc,Bermagui-1-3-3,sample,Bermagui,id,qualified,mixed,eucalpytus (teams = 66)
euc,Bermagui-1-1-1,Season,Bermagui,timing,qualified,mixed,eucalpytus (teams = 66)
euc,Bermagui-1-1-1,Northing,Bermagui,location,qualified,mixed,eucalpytus (teams = 66)
euc,Bermagui-1-1-1,ExoticAnnualGrass_cover,Bermagui,grass,qualified,mixed,eucalpytus (teams = 66)
euc,Bermagui-1-1-1,ExoticAnnualHerb_cover,Bermagui,non_grass_understory,qualified,mixed,eucalpytus (teams = 66)
euc,Bermagui-1-1-1,BareGround_cover,Bermagui,non_veg_groundlayer,qualified,mixed,eucalpytus (teams = 66)
euc,Bermagui-1-1-1,MrVBF,Bermagui,location,qualified,mixed,eucalpytus (teams = 66)
euc,Bermagui-1-1-1,sample,Bermagui,id,qualified,mixed,eucalpytus (teams = 66)
euc,Bermagui-1-1-2,Season,Bermagui,timing,qualified,mixed,eucalpytus (teams = 66)
euc,Bermagui-1-1-2,Northing,Bermagui,location,qualified,mixed,eucalpytus (teams = 66)
euc,Bermagui-1-1-2,ExoticAnnualHerb_cover,Bermagui,non_grass_understory,qualified,mixed,eucalpytus (teams = 66)
euc,Bermagui-1-1-2,ExoticPerennialGrass_cover,Bermagui,grass,qualified,mixed,eucalpytus (teams = 66)
euc,Bermagui-1-1-2,BareGround_cover,Bermagui,non_veg_groundlayer,qualified,mixed,eucalpytus (teams = 66)
euc,Bermagui-1-1-2,MrVBF,Bermagui,location,qualified,mixed,eucalpytus (teams = 66)
euc,Bermagui-1-1-2,sample,Bermagui,id,qualified,mixed,eucalpytus (teams = 66)
euc,Bermagui-1-1-3,Season,Bermagui,timing,qualified,mixed,eucalpytus (teams = 66)
euc,Bermagui-1-1-3,Northing,Bermagui,location,qualified,mixed,eucalpytus (teams = 66)
euc,Bermagui-1-1-3,ExoticAnnualHerb_cover,Bermagui,non_grass_understory,qualified,mixed,eucalpytus (teams = 66)
euc,Bermagui-1-1-3,NativePerennialGrass_cover,Bermagui,grass,qualified,mixed,eucalpytus (teams = 66)
euc,Bermagui-1-1-3,BareGround_cover,Bermagui,non_veg_groundlayer,qualified,mixed,eucalpytus (teams = 66)
euc,Bermagui-1-1-3,MrVBF,Bermagui,location,qualified,mixed,eucalpytus (teams = 66)
euc,Bermagui-1-1-3,sample,Bermagui,id,qualified,mixed,eucalpytus (teams = 66)
euc,Bermagui-1-2-1,Season,Bermagui,timing,qualified,mixed,eucalpytus (teams = 66)
euc,Bermagui-1-2-1,ExoticAnnualGrass_cover,Bermagui,grass,qualified,mixed,eucalpytus (teams = 66)
euc,Bermagui-1-2-1,Distance_to_Eucalypt_canopy(m),Bermagui,propagule_pressure,qualified,mixed,eucalpytus (teams = 66)
euc,Bermagui-1-2-1,annual_precipitation,Bermagui,water_availability,qualified,mixed,eucalpytus (teams = 66)
euc,Bermagui-1-2-1,MrVBF,Bermagui,location,qualified,mixed,eucalpytus (teams = 66)
euc,Bermagui-1-2-1,K_perc,Bermagui,nutrients,qualified,mixed,eucalpytus (teams = 66)
euc,Bermagui-1-2-1,sample,Bermagui,id,qualified,mixed,eucalpytus (teams = 66)
euc,Bermagui-1-2-2,Season,Bermagui,timing,qualified,mixed,eucalpytus (teams = 66)
euc,Bermagui-1-2-2,ExoticPerennialGrass_cover,Bermagui,grass,qualified,mixed,eucalpytus (teams = 66)
euc,Bermagui-1-2-2,Distance_to_Eucalypt_canopy(m),Bermagui,propagule_pressure,qualified,mixed,eucalpytus (teams = 66)
euc,Bermagui-1-2-2,annual_precipitation,Bermagui,water_availability,qualified,mixed,eucalpytus (teams = 66)
euc,Bermagui-1-2-2,MrVBF,Bermagui,location,qualified,mixed,eucalpytus (teams = 66)
euc,Bermagui-1-2-2,K_perc,Bermagui,nutrients,qualified,mixed,eucalpytus (teams = 66)
euc,Bermagui-1-2-2,sample,Bermagui,id,qualified,mixed,eucalpytus (teams = 66)
euc,Bermagui-1-2-3,Season,Bermagui,timing,qualified,mixed,eucalpytus (teams = 66)
euc,Bermagui-1-2-3,NativePerennialGrass_cover,Bermagui,grass,qualified,mixed,eucalpytus (teams = 66)
euc,Bermagui-1-2-3,Distance_to_Eucalypt_canopy(m),Bermagui,propagule_pressure,qualified,mixed,eucalpytus (teams = 66)
euc,Bermagui-1-2-3,annual_precipitation,Bermagui,water_availability,qualified,mixed,eucalpytus (teams = 66)
euc,Bermagui-1-2-3,MrVBF,Bermagui,location,qualified,mixed,eucalpytus (teams = 66)
euc,Bermagui-1-2-3,K_perc,Bermagui,nutrients,qualified,mixed,eucalpytus (teams = 66)
euc,Bermagui-1-2-3,sample,Bermagui,id,qualified,mixed,eucalpytus (teams = 66)
euc,Berrigan-1-1-1,all_grass,Berrigan,grass,conclusive,negative,eucalpytus (teams = 66)
euc,Binalong-2-2-1,Season,Binalong,timing,qualified,negative,eucalpytus (teams = 66)
euc,Binalong-2-2-1,ExoticAnnualGrass_cover,Binalong,grass,qualified,negative,eucalpytus (teams = 66)
euc,Binalong-2-2-1,ExoticAnnualHerb_cover,Binalong,non_grass_understory,qualified,negative,eucalpytus (teams = 66)
euc,Binalong-2-2-1,ExoticPerennialHerb_cover,Binalong,non_grass_understory,qualified,negative,eucalpytus (teams = 66)
euc,Binalong-2-2-1,ExoticPerennialGrass_cover,Binalong,grass,qualified,negative,eucalpytus (teams = 66)
euc,Binalong-2-2-1,ExoticShrub_cover,Binalong,shrub,qualified,negative,eucalpytus (teams = 66)
euc,Binalong-2-2-1,NativePerennialFern_cover,Binalong,non_grass_understory,qualified,negative,eucalpytus (teams = 66)
euc,Binalong-2-2-1,NativePerennialGrass_cover,Binalong,grass,qualified,negative,eucalpytus (teams = 66)
euc,Binalong-2-2-1,NativePerennialHerb_cover,Binalong,non_grass_understory,qualified,negative,eucalpytus (teams = 66)
euc,Binalong-2-2-1,NativePerennialGraminoid_cover,Binalong,grass,qualified,negative,eucalpytus (teams = 66)
euc,Binalong-2-2-1,NativeShrub_cover,Binalong,shrub,qualified,negative,eucalpytus (teams = 66)
euc,Binalong-2-2-1,MossLichen_cover,Binalong,non_grass_understory,qualified,negative,eucalpytus (teams = 66)
euc,Binalong-2-2-1,euc_sdlgs0_50cm,Binalong,seedings,qualified,negative,eucalpytus (teams = 66)
euc,Binalong-2-2-1,euc_sdlgs50cm-2m,Binalong,seedings,qualified,negative,eucalpytus (teams = 66)
euc,Binalong-2-2-1,euc_sdlgs>2m,Binalong,seedings,qualified,negative,eucalpytus (teams = 66)
euc,Binalong-2-2-1,annual_precipitation,Binalong,water_availability,qualified,negative,eucalpytus (teams = 66)
euc,Binalong-2-2-1,precipitation_warmest_quarter,Binalong,temperature,qualified,negative,eucalpytus (teams = 66)
euc,Binalong-2-2-1,precipitation_coldest_quarter,Binalong,temperature,qualified,negative,eucalpytus (teams = 66)
euc,Binalong-2-2-1,PET,Binalong,water_availability,qualified,negative,eucalpytus (teams = 66)
euc,Binalong-2-2-1,K_perc,Binalong,nutrients,qualified,negative,eucalpytus (teams = 66)
euc,Binalong-2-2-1,Th_ppm,Binalong,nutrients,qualified,negative,eucalpytus (teams = 66)
euc,Binalong-2-2-1,U_ppm,Binalong,nutrients,qualified,negative,eucalpytus (teams = 66)
euc,Binalong-2-2-1,SRad_Jan,Binalong,sunlight,qualified,negative,eucalpytus (teams = 66)
euc,Binalong-2-2-1,SRad_Jul,Binalong,sunlight,qualified,negative,eucalpytus (teams = 66)
euc,Binalong-1-1-1,Season,Binalong,timing,qualified,negative,eucalpytus (teams = 66)
euc,Binalong-1-1-1,ExoticAnnualGrass_cover,Binalong,grass,qualified,negative,eucalpytus (teams = 66)
euc,Binalong-1-1-1,ExoticAnnualHerb_cover,Binalong,non_grass_understory,qualified,negative,eucalpytus (teams = 66)
euc,Binalong-1-1-1,ExoticPerennialHerb_cover,Binalong,non_grass_understory,qualified,negative,eucalpytus (teams = 66)
euc,Binalong-1-1-1,ExoticPerennialGrass_cover,Binalong,grass,qualified,negative,eucalpytus (teams = 66)
euc,Binalong-1-1-1,ExoticShrub_cover,Binalong,shrub,qualified,negative,eucalpytus (teams = 66)
euc,Binalong-1-1-1,NativePerennialFern_cover,Binalong,non_grass_understory,qualified,negative,eucalpytus (teams = 66)
euc,Binalong-1-1-1,NativePerennialGrass_cover,Binalong,grass,qualified,negative,eucalpytus (teams = 66)
euc,Binalong-1-1-1,NativePerennialHerb_cover,Binalong,non_grass_understory,qualified,negative,eucalpytus (teams = 66)
euc,Binalong-1-1-1,NativePerennialGraminoid_cover,Binalong,grass,qualified,negative,eucalpytus (teams = 66)
euc,Binalong-1-1-1,NativeShrub_cover,Binalong,shrub,qualified,negative,eucalpytus (teams = 66)
euc,Binalong-1-1-1,MossLichen_cover,Binalong,non_grass_understory,qualified,negative,eucalpytus (teams = 66)
euc,Binalong-1-1-1,euc_sdlgs0_50cm,Binalong,seedings,qualified,negative,eucalpytus (teams = 66)
euc,Binalong-1-1-1,euc_sdlgs50cm-2m,Binalong,seedings,qualified,negative,eucalpytus (teams = 66)
euc,Binalong-1-1-1,euc_sdlgs>2m,Binalong,seedings,qualified,negative,eucalpytus (teams = 66)
euc,Binalong-1-1-1,annual_precipitation,Binalong,water_availability,qualified,negative,eucalpytus (teams = 66)
euc,Binalong-1-1-1,precipitation_warmest_quarter,Binalong,temperature,qualified,negative,eucalpytus (teams = 66)
euc,Binalong-1-1-1,precipitation_coldest_quarter,Binalong,temperature,qualified,negative,eucalpytus (teams = 66)
euc,Binalong-1-1-1,PET,Binalong,water_availability,qualified,negative,eucalpytus (teams = 66)
euc,Binalong-1-1-1,K_perc,Binalong,nutrients,qualified,negative,eucalpytus (teams = 66)
euc,Binalong-1-1-1,Th_ppm,Binalong,nutrients,qualified,negative,eucalpytus (teams = 66)
euc,Binalong-1-1-1,U_ppm,Binalong,nutrients,qualified,negative,eucalpytus (teams = 66)
euc,Binalong-1-1-1,SRad_Jan,Binalong,sunlight,qualified,negative,eucalpytus (teams = 66)
euc,Binalong-1-1-1,SRad_Jul,Binalong,sunlight,qualified,negative,eucalpytus (teams = 66)
euc,Blackall-1-1-1,Season,Blackall,timing,conclusive,mixed,eucalpytus (teams = 66)
euc,Blackall-1-1-1,Property,Blackall,location,conclusive,mixed,eucalpytus (teams = 66)
euc,Blackall-1-1-1,Quadrat no,Blackall,id,conclusive,mixed,eucalpytus (teams = 66)
euc,Blackall-1-1-1,ExoticAnnualGrass_cover,Blackall,grass,conclusive,mixed,eucalpytus (teams = 66)
euc,Blackall-1-1-1,ExoticPerennialGrass_cover,Blackall,grass,conclusive,mixed,eucalpytus (teams = 66)
euc,Blackall-1-1-1,NativePerennialGrass_cover,Blackall,grass,conclusive,mixed,eucalpytus (teams = 66)
euc,Blackall-1-1-1,NativePerennialGraminoid_cover,Blackall,grass,conclusive,mixed,eucalpytus (teams = 66)
euc,Blackall-1-1-1,Distance_to_Eucalypt_canopy(m),Blackall,propagule_pressure,conclusive,mixed,eucalpytus (teams = 66)
euc,Blackall-1-1-1,year,Blackall,timing,conclusive,mixed,eucalpytus (teams = 66)
euc,Blackall-1-1-1,size_class,Blackall,seedings,conclusive,mixed,eucalpytus (teams = 66)
euc,Boggabri-1-1-1,Property,Boggabri,location,conclusive,none,eucalpytus (teams = 66)
euc,Boggabri-1-1-1,ExoticAnnualGrass_cover,Boggabri,grass,conclusive,none,eucalpytus (teams = 66)
euc,Boggabri-1-1-1,ExoticPerennialGrass_cover,Boggabri,grass,conclusive,none,eucalpytus (teams = 66)
euc,Boggabri-1-1-1,NativePerennialGrass_cover,Boggabri,grass,conclusive,none,eucalpytus (teams = 66)
euc,Booligal-3-3-1,all_exotic_grass,Booligal,grass,qualified,negative,eucalpytus (teams = 66)
euc,Booligal-2-2-1,all_grass,Booligal,grass,qualified,negative,eucalpytus (teams = 66)
euc,Booligal-4-4-1,all_native_grass_graminoid,Booligal,grass,qualified,negative,eucalpytus (teams = 66)
euc,Booligal-1-1-1,Season,Booligal,timing,qualified,negative,eucalpytus (teams = 66)
euc,Booligal-1-1-1,Property,Booligal,location,qualified,negative,eucalpytus (teams = 66)
euc,Booligal-1-1-1,euc_sdlgs0_50cm,Booligal,seedings,qualified,negative,eucalpytus (teams = 66)
euc,Booligal-1-1-1,euc_sdlgs50cm-2m,Booligal,seedings,qualified,negative,eucalpytus (teams = 66)
euc,Booligal-1-1-1,euc_sdlgs>2m,Booligal,seedings,qualified,negative,eucalpytus (teams = 66)
euc,Booligal-5-5-1,all_grass,Booligal,grass,qualified,negative,eucalpytus (teams = 66)
euc,Bothwell-1-1-1,Season,Bothwell,timing,qualified,none,eucalpytus (teams = 66)
euc,Bothwell-1-1-1,Easting,Bothwell,location,qualified,none,eucalpytus (teams = 66)
euc,Bothwell-1-1-1,Landscape position,Bothwell,location,qualified,none,eucalpytus (teams = 66)
euc,Bothwell-1-1-1,ExoticPerennialHerb_cover,Bothwell,non_grass_understory,qualified,none,eucalpytus (teams = 66)
euc,Bothwell-1-1-1,NativePerennialGrass_cover,Bothwell,grass,qualified,none,eucalpytus (teams = 66)
euc,Bothwell-1-1-1,NativePerennialGraminoid_cover,Bothwell,grass,qualified,none,eucalpytus (teams = 66)
euc,Bothwell-1-1-1,Distance_to_Eucalypt_canopy(m),Bothwell,propagule_pressure,qualified,none,eucalpytus (teams = 66)
euc,Bothwell-1-1-1,PET,Bothwell,water_availability,qualified,none,eucalpytus (teams = 66)
euc,Bothwell-1-1-1,MrVBF,Bothwell,location,qualified,none,eucalpytus (teams = 66)
euc,Bothwell-1-1-1,Th_ppm,Bothwell,nutrients,qualified,none,eucalpytus (teams = 66)
euc,Bothwell-1-1-1,U_ppm,Bothwell,nutrients,qualified,none,eucalpytus (teams = 66)
euc,Bothwell-2-2-1,Season,Bothwell,timing,qualified,none,eucalpytus (teams = 66)
euc,Bothwell-2-2-1,Easting,Bothwell,location,qualified,none,eucalpytus (teams = 66)
euc,Bothwell-2-2-1,Landscape position,Bothwell,location,qualified,none,eucalpytus (teams = 66)
euc,Bothwell-2-2-1,ExoticPerennialHerb_cover,Bothwell,non_grass_understory,qualified,none,eucalpytus (teams = 66)
euc,Bothwell-2-2-1,NativePerennialGrass_cover,Bothwell,grass,qualified,none,eucalpytus (teams = 66)
euc,Bothwell-2-2-1,NativePerennialGraminoid_cover,Bothwell,grass,qualified,none,eucalpytus (teams = 66)
euc,Bothwell-2-2-1,Distance_to_Eucalypt_canopy(m),Bothwell,propagule_pressure,qualified,none,eucalpytus (teams = 66)
euc,Bothwell-2-2-1,PET,Bothwell,water_availability,qualified,none,eucalpytus (teams = 66)
euc,Bothwell-2-2-1,MrVBF,Bothwell,location,qualified,none,eucalpytus (teams = 66)
euc,Bothwell-2-2-1,Th_ppm,Bothwell,nutrients,qualified,none,eucalpytus (teams = 66)
euc,Bothwell-2-2-1,U_ppm,Bothwell,nutrients,qualified,none,eucalpytus (teams = 66)
euc,Boydtown-3-3-1,Season,Boydtown,timing,qualified,negative,eucalpytus (teams = 66)
euc,Boydtown-3-3-1,Property,Boydtown,location,qualified,negative,eucalpytus (teams = 66)
euc,Boydtown-3-3-1,ExoticAnnualGrass_cover,Boydtown,grass,qualified,negative,eucalpytus (teams = 66)
euc,Boydtown-1-1-1,Season,Boydtown,timing,qualified,negative,eucalpytus (teams = 66)
euc,Boydtown-1-1-1,Property,Boydtown,location,qualified,negative,eucalpytus (teams = 66)
euc,Boydtown-1-1-1,Quadrat no,Boydtown,id,qualified,negative,eucalpytus (teams = 66)
euc,Boydtown-1-1-1,ExoticAnnualGrass_cover,Boydtown,grass,qualified,negative,eucalpytus (teams = 66)
euc,Boydtown-1-1-1,ExoticPerennialGrass_cover,Boydtown,grass,qualified,negative,eucalpytus (teams = 66)
euc,Boydtown-1-1-1,NativePerennialGrass_cover,Boydtown,grass,qualified,negative,eucalpytus (teams = 66)
euc,Boydtown-2-2-1,Season,Boydtown,timing,qualified,negative,eucalpytus (teams = 66)
euc,Boydtown-2-2-1,Property,Boydtown,location,qualified,negative,eucalpytus (teams = 66)
euc,Boydtown-2-2-1,Quadrat no,Boydtown,id,qualified,negative,eucalpytus (teams = 66)
euc,Boydtown-2-2-1,ExoticPerennialGrass_cover,Boydtown,grass,qualified,negative,eucalpytus (teams = 66)
euc,Byrock-3-10-1,ExoticAnnualGrass_cover,Byrock,grass,qualified,negative,eucalpytus (teams = 66)
euc,Byrock-3-10-1,ExoticPerennialGrass_cover,Byrock,grass,qualified,negative,eucalpytus (teams = 66)
euc,Byrock-3-10-1,NativePerennialGrass_cover,Byrock,grass,qualified,negative,eucalpytus (teams = 66)
euc,Byrock-3-10-1,NativePerennialGraminoid_cover,Byrock,grass,qualified,negative,eucalpytus (teams = 66)
euc,Byrock-1-8-1,ExoticAnnualGrass_cover,Byrock,grass,qualified,negative,eucalpytus (teams = 66)
euc,Byrock-1-8-1,ExoticPerennialGrass_cover,Byrock,grass,qualified,negative,eucalpytus (teams = 66)
euc,Byrock-1-8-1,NativePerennialGrass_cover,Byrock,grass,qualified,negative,eucalpytus (teams = 66)
euc,Byrock-1-8-1,NativePerennialGraminoid_cover,Byrock,grass,qualified,negative,eucalpytus (teams = 66)
euc,Byrock-2-9-1,ExoticAnnualGrass_cover,Byrock,grass,qualified,negative,eucalpytus (teams = 66)
euc,Byrock-2-9-1,ExoticPerennialGrass_cover,Byrock,grass,qualified,negative,eucalpytus (teams = 66)
euc,Byrock-2-9-1,NativePerennialGrass_cover,Byrock,grass,qualified,negative,eucalpytus (teams = 66)
euc,Byrock-2-9-1,NativePerennialGraminoid_cover,Byrock,grass,qualified,negative,eucalpytus (teams = 66)
euc,Branxton-1-1-1,Season,Branxton,timing,conclusion missing,conclusion missing,eucalpytus (teams = 66)
euc,Branxton-1-1-1,Property,Branxton,location,conclusion missing,conclusion missing,eucalpytus (teams = 66)
euc,Branxton-1-1-1,ExoticPerennialGrass_cover,Branxton,grass,conclusion missing,conclusion missing,eucalpytus (teams = 66)
euc,Branxton-1-1-1,NativePerennialHerb_cover,Branxton,non_grass_understory,conclusion missing,conclusion missing,eucalpytus (teams = 66)
euc,Branxton-1-1-1,MossLichen_cover,Branxton,non_grass_understory,conclusion missing,conclusion missing,eucalpytus (teams = 66)
euc,Branxton-1-1-1,Rock_cover,Branxton,non_veg_groundlayer,conclusion missing,conclusion missing,eucalpytus (teams = 66)
euc,Branxton-1-1-1,Euc_canopy_cover,Branxton,propagule_pressure,conclusion missing,conclusion missing,eucalpytus (teams = 66)
euc,Branxton-1-1-1,Distance_to_Eucalypt_canopy(m),Branxton,propagule_pressure,conclusion missing,conclusion missing,eucalpytus (teams = 66)
euc,Branxton-1-1-1,Th_ppm,Branxton,nutrients,conclusion missing,conclusion missing,eucalpytus (teams = 66)
euc,Branxton-1-1-1,U_ppm,Branxton,nutrients,conclusion missing,conclusion missing,eucalpytus (teams = 66)
euc,Branxton-2-2-1,Season,Branxton,timing,conclusion missing,conclusion missing,eucalpytus (teams = 66)
euc,Branxton-2-2-1,Property,Branxton,location,conclusion missing,conclusion missing,eucalpytus (teams = 66)
euc,Branxton-2-2-1,ExoticAnnualHerb_cover,Branxton,non_grass_understory,conclusion missing,conclusion missing,eucalpytus (teams = 66)
euc,Branxton-2-2-1,ExoticPerennialGrass_cover,Branxton,grass,conclusion missing,conclusion missing,eucalpytus (teams = 66)
euc,Branxton-2-2-1,BareGround_cover,Branxton,non_veg_groundlayer,conclusion missing,conclusion missing,eucalpytus (teams = 66)
euc,Branxton-2-2-1,MossLichen_cover,Branxton,non_grass_understory,conclusion missing,conclusion missing,eucalpytus (teams = 66)
euc,Branxton-2-2-1,Distance_to_Eucalypt_canopy(m),Branxton,propagule_pressure,conclusion missing,conclusion missing,eucalpytus (teams = 66)
euc,Branxton-2-2-1,euc_sdlgs50cm-2m,Branxton,seedings,conclusion missing,conclusion missing,eucalpytus (teams = 66)
euc,Branxton-2-2-1,K_perc,Branxton,nutrients,conclusion missing,conclusion missing,eucalpytus (teams = 66)
euc,Branxton-2-2-1,Th_ppm,Branxton,nutrients,conclusion missing,conclusion missing,eucalpytus (teams = 66)
euc,Bridport-1-1-1,Season,Bridport,timing,qualified,mixed,eucalpytus (teams = 66)
euc,Bridport-1-1-1,Property,Bridport,location,qualified,mixed,eucalpytus (teams = 66)
euc,Bridport-1-1-1,all_exotic_grass,Bridport,grass,qualified,mixed,eucalpytus (teams = 66)
euc,Bridport-1-1-1,all_native_grass_graminoid,Bridport,grass,qualified,mixed,eucalpytus (teams = 66)
euc,Brighton-1-1-3,Season,Brighton,timing,conclusive,none,eucalpytus (teams = 66)
euc,Brighton-1-1-3,Property,Brighton,location,conclusive,none,eucalpytus (teams = 66)
euc,Brighton-1-1-3,Euc_canopy_cover,Brighton,propagule_pressure,conclusive,none,eucalpytus (teams = 66)
euc,Brighton-1-1-3,all_grass,Brighton,grass,conclusive,none,eucalpytus (teams = 66)
euc,Brighton-1-1-3,shrub_cover,Brighton,shrub,conclusive,none,eucalpytus (teams = 66)
euc,Brighton-1-1-3,herb_cover,Brighton,non_grass_understory,conclusive,none,eucalpytus (teams = 66)
euc,Brighton-1-1-3,other_veg,Brighton,non_grass_understory,conclusive,none,eucalpytus (teams = 66)
euc,Brighton-1-1-3,bare,Brighton,non_veg_groundlayer,conclusive,none,eucalpytus (teams = 66)
euc,Brighton-1-1-1,Season,Brighton,timing,conclusive,none,eucalpytus (teams = 66)
euc,Brighton-1-1-1,Property,Brighton,location,conclusive,none,eucalpytus (teams = 66)
euc,Brighton-1-1-1,Euc_canopy_cover,Brighton,propagule_pressure,conclusive,none,eucalpytus (teams = 66)
euc,Brighton-1-1-1,all_grass,Brighton,grass,conclusive,none,eucalpytus (teams = 66)
euc,Brighton-1-1-1,shrub_cover,Brighton,shrub,conclusive,none,eucalpytus (teams = 66)
euc,Brighton-1-1-1,herb_cover,Brighton,non_grass_understory,conclusive,none,eucalpytus (teams = 66)
euc,Brighton-1-1-1,other_veg,Brighton,non_grass_understory,conclusive,none,eucalpytus (teams = 66)
euc,Brighton-1-1-1,bare,Brighton,non_veg_groundlayer,conclusive,none,eucalpytus (teams = 66)
euc,Brighton-1-1-2,Season,Brighton,timing,conclusive,none,eucalpytus (teams = 66)
euc,Brighton-1-1-2,Property,Brighton,location,conclusive,none,eucalpytus (teams = 66)
euc,Brighton-1-1-2,Euc_canopy_cover,Brighton,propagule_pressure,conclusive,none,eucalpytus (teams = 66)
euc,Brighton-1-1-2,all_grass,Brighton,grass,conclusive,none,eucalpytus (teams = 66)
euc,Brighton-1-1-2,shrub_cover,Brighton,shrub,conclusive,none,eucalpytus (teams = 66)
euc,Brighton-1-1-2,herb_cover,Brighton,non_grass_understory,conclusive,none,eucalpytus (teams = 66)
euc,Brighton-1-1-2,other_veg,Brighton,non_grass_understory,conclusive,none,eucalpytus (teams = 66)
euc,Brighton-1-1-2,bare,Brighton,non_veg_groundlayer,conclusive,none,eucalpytus (teams = 66)
euc,Brooklyn-2-2-1,all_grass,Brooklyn,grass,qualified,negative,eucalpytus (teams = 66)
euc,Brooklyn-1-1-1,all_grass,Brooklyn,grass,qualified,negative,eucalpytus (teams = 66)
euc,Brooklyn-3-3-1,all_grass,Brooklyn,grass,qualified,negative,eucalpytus (teams = 66)
euc,Buckland-1-1-1,Property,Buckland,location,qualified,none,eucalpytus (teams = 66)
euc,Buckland-1-1-1,Litter_cover,Buckland,non_veg_groundlayer,qualified,none,eucalpytus (teams = 66)
euc,Buckland-1-1-1,Euc_canopy_cover,Buckland,propagule_pressure,qualified,none,eucalpytus (teams = 66)
euc,Buckland-1-1-1,Distance_to_Eucalypt_canopy(m),Buckland,propagule_pressure,qualified,none,eucalpytus (teams = 66)
euc,Buckland-1-1-1,PET,Buckland,water_availability,qualified,none,eucalpytus (teams = 66)
euc,Buckland-1-1-1,MrVBF,Buckland,location,qualified,none,eucalpytus (teams = 66)
euc,Buckland-1-1-1,all_grass,Buckland,grass,qualified,none,eucalpytus (teams = 66)
euc,Bundarra-1-1-1,Season,Bundarra,timing,conclusive,none,eucalpytus (teams = 66)
euc,Bundarra-1-1-1,Landscape position,Bundarra,location,conclusive,none,eucalpytus (teams = 66)
euc,Bundarra-1-1-1,ExoticAnnualGrass_cover,Bundarra,grass,conclusive,none,eucalpytus (teams = 66)
euc,Bundarra-1-1-1,ExoticAnnualHerb_cover,Bundarra,non_grass_understory,conclusive,none,eucalpytus (teams = 66)
euc,Bundarra-1-1-1,ExoticPerennialHerb_cover,Bundarra,non_grass_understory,conclusive,none,eucalpytus (teams = 66)
euc,Bundarra-1-1-1,ExoticPerennialGrass_cover,Bundarra,grass,conclusive,none,eucalpytus (teams = 66)
euc,Bundarra-1-1-1,NativePerennialFern_cover,Bundarra,non_grass_understory,conclusive,none,eucalpytus (teams = 66)
euc,Bundarra-1-1-1,NativePerennialGrass_cover,Bundarra,grass,conclusive,none,eucalpytus (teams = 66)
euc,Bundarra-1-1-1,NativePerennialHerb_cover,Bundarra,non_grass_understory,conclusive,none,eucalpytus (teams = 66)
euc,Bundarra-1-1-1,NativePerennialGraminoid_cover,Bundarra,grass,conclusive,none,eucalpytus (teams = 66)
euc,Bundarra-1-1-1,Euc_canopy_cover,Bundarra,propagule_pressure,conclusive,none,eucalpytus (teams = 66)
euc,Bundarra-1-1-1,euc_sdlgs0_50cm,Bundarra,seedings,conclusive,none,eucalpytus (teams = 66)
euc,Bundarra-1-1-1,euc_sdlgs50cm-2m,Bundarra,seedings,conclusive,none,eucalpytus (teams = 66)
euc,Bundarra-1-1-1,euc_sdlgs>2m,Bundarra,seedings,conclusive,none,eucalpytus (teams = 66)
euc,Bundarra-1-1-1,annual_precipitation,Bundarra,water_availability,conclusive,none,eucalpytus (teams = 66)
euc,Bundarra-1-1-1,K_perc,Bundarra,nutrients,conclusive,none,eucalpytus (teams = 66)
euc,Bundarra-1-1-1,Th_ppm,Bundarra,nutrients,conclusive,none,eucalpytus (teams = 66)
euc,Bundarra-1-1-1,SRad_Jan,Bundarra,sunlight,conclusive,none,eucalpytus (teams = 66)
euc,Bundeena-1-6-1,Property,Bundeena,location,conclusive,mixed,eucalpytus (teams = 66)
euc,Bundeena-1-6-1,ExoticPerennialGrass_cover,Bundeena,grass,conclusive,mixed,eucalpytus (teams = 66)
euc,Bundeena-1-6-1,Euc_canopy_cover,Bundeena,propagule_pressure,conclusive,mixed,eucalpytus (teams = 66)
euc,Bundeena-1-6-1,Distance_to_Eucalypt_canopy(m),Bundeena,propagule_pressure,conclusive,mixed,eucalpytus (teams = 66)
euc,Bundeena-1-6-1,MrVBF,Bundeena,location,conclusive,mixed,eucalpytus (teams = 66)
euc,Bundeena-1-6-1,K_perc,Bundeena,nutrients,conclusive,mixed,eucalpytus (teams = 66)
euc,Bundeena-1-6-1,Th_ppm,Bundeena,nutrients,conclusive,mixed,eucalpytus (teams = 66)
euc,Bundeena-1-6-1,U_ppm,Bundeena,nutrients,conclusive,mixed,eucalpytus (teams = 66)
euc,Bundeena-1-6-1,SRad_Jul,Bundeena,sunlight,conclusive,mixed,eucalpytus (teams = 66)
euc,Busselto-1-1-1,Season,Busselto,timing,qualified,mixed,eucalpytus (teams = 66)
euc,Busselto-1-1-1,Property,Busselto,location,qualified,mixed,eucalpytus (teams = 66)
euc,Busselto-1-1-1,Aspect,Busselto,location,qualified,mixed,eucalpytus (teams = 66)
euc,Busselto-1-1-1,ExoticAnnualGrass_cover,Busselto,grass,qualified,mixed,eucalpytus (teams = 66)
euc,Busselto-1-1-1,ExoticPerennialGrass_cover,Busselto,grass,qualified,mixed,eucalpytus (teams = 66)
euc,Busselto-1-1-1,NativePerennialFern_cover,Busselto,non_grass_understory,qualified,mixed,eucalpytus (teams = 66)
euc,Busselto-1-1-1,NativePerennialGrass_cover,Busselto,grass,qualified,mixed,eucalpytus (teams = 66)
euc,Busselto-1-1-1,Litter_cover,Busselto,non_veg_groundlayer,qualified,mixed,eucalpytus (teams = 66)
euc,Busselto-1-1-1,Rock_cover,Busselto,non_veg_groundlayer,qualified,mixed,eucalpytus (teams = 66)
euc,Busselto-1-1-1,annual_precipitation,Busselto,water_availability,qualified,mixed,eucalpytus (teams = 66)
euc,Busselto-1-1-1,K_perc,Busselto,nutrients,qualified,mixed,eucalpytus (teams = 66)
euc,Calliope-3-3-1,Property,Calliope,location,qualified,none,eucalpytus (teams = 66)
euc,Calliope-3-3-1,ExoticAnnualGrass_cover,Calliope,grass,qualified,none,eucalpytus (teams = 66)
euc,Calliope-3-3-1,ExoticPerennialGrass_cover,Calliope,grass,qualified,none,eucalpytus (teams = 66)
euc,Calliope-3-3-1,NativePerennialGrass_cover,Calliope,grass,qualified,none,eucalpytus (teams = 66)
euc,Calliope-3-3-1,NativePerennialGraminoid_cover,Calliope,grass,qualified,none,eucalpytus (teams = 66)
euc,Calliope-3-3-1,annual_precipitation,Calliope,water_availability,qualified,none,eucalpytus (teams = 66)
euc,Calliope-3-3-1,month,Calliope,timing,qualified,none,eucalpytus (teams = 66)
euc,Calliope-4-4-1,Property,Calliope,location,qualified,none,eucalpytus (teams = 66)
euc,Calliope-4-4-1,ExoticAnnualGrass_cover,Calliope,grass,qualified,none,eucalpytus (teams = 66)
euc,Calliope-4-4-1,ExoticPerennialGrass_cover,Calliope,grass,qualified,none,eucalpytus (teams = 66)
euc,Calliope-4-4-1,NativePerennialGrass_cover,Calliope,grass,qualified,none,eucalpytus (teams = 66)
euc,Calliope-4-4-1,NativePerennialGraminoid_cover,Calliope,grass,qualified,none,eucalpytus (teams = 66)
euc,Calliope-4-4-1,annual_precipitation,Calliope,water_availability,qualified,none,eucalpytus (teams = 66)
euc,Calliope-4-4-1,month,Calliope,timing,qualified,none,eucalpytus (teams = 66)
euc,Canberra-1-1-1,Property,Canberra,location,conclusive,none,eucalpytus (teams = 66)
euc,Canberra-1-1-1,ExoticAnnualGrass_cover,Canberra,grass,conclusive,none,eucalpytus (teams = 66)
euc,Canberra-1-1-1,ExoticPerennialGrass_cover,Canberra,grass,conclusive,none,eucalpytus (teams = 66)
euc,Canberra-1-1-1,NativePerennialGrass_cover,Canberra,grass,conclusive,none,eucalpytus (teams = 66)
euc,Canberra-1-1-1,NativePerennialGraminoid_cover,Canberra,grass,conclusive,none,eucalpytus (teams = 66)
euc,Capertee-1-1-1,Property,Capertee,location,qualified,negative,eucalpytus (teams = 66)
euc,Capertee-1-1-1,NativePerennialGrass_cover,Capertee,grass,qualified,negative,eucalpytus (teams = 66)
euc,Capertee-1-1-1,BareGround_cover,Capertee,non_veg_groundlayer,qualified,negative,eucalpytus (teams = 66)
euc,Capertee-1-1-1,Litter_cover,Capertee,non_veg_groundlayer,qualified,negative,eucalpytus (teams = 66)
euc,Capertee-1-1-1,Rock_cover,Capertee,non_veg_groundlayer,qualified,negative,eucalpytus (teams = 66)
euc,Capertee-1-1-1,Distance_to_Eucalypt_canopy(m),Capertee,propagule_pressure,qualified,negative,eucalpytus (teams = 66)
euc,Capertee-1-1-1,annual_precipitation,Capertee,water_availability,qualified,negative,eucalpytus (teams = 66)
euc,Capertee-1-1-1,Th_ppm,Capertee,nutrients,qualified,negative,eucalpytus (teams = 66)
euc,Capertee-1-1-1,all_exotic_grass,Capertee,grass,qualified,negative,eucalpytus (teams = 66)
euc,Capertee-1-1-1,all_exotic_herb,Capertee,non_grass_understory,qualified,negative,eucalpytus (teams = 66)
euc,Capertee-1-1-1,native_herb_fern_gram,Capertee,non_grass_understory,qualified,negative,eucalpytus (teams = 66)
euc,Capertee-2-2-1,Property,Capertee,location,qualified,negative,eucalpytus (teams = 66)
euc,Capertee-2-2-1,NativePerennialGrass_cover,Capertee,grass,qualified,negative,eucalpytus (teams = 66)
euc,Capertee-2-2-1,BareGround_cover,Capertee,non_veg_groundlayer,qualified,negative,eucalpytus (teams = 66)
euc,Capertee-2-2-1,Litter_cover,Capertee,non_veg_groundlayer,qualified,negative,eucalpytus (teams = 66)
euc,Capertee-2-2-1,Rock_cover,Capertee,non_veg_groundlayer,qualified,negative,eucalpytus (teams = 66)
euc,Capertee-2-2-1,Distance_to_Eucalypt_canopy(m),Capertee,propagule_pressure,qualified,negative,eucalpytus (teams = 66)
euc,Capertee-2-2-1,annual_precipitation,Capertee,water_availability,qualified,negative,eucalpytus (teams = 66)
euc,Capertee-2-2-1,Th_ppm,Capertee,nutrients,qualified,negative,eucalpytus (teams = 66)
euc,Capertee-2-2-1,all_exotic_grass,Capertee,grass,qualified,negative,eucalpytus (teams = 66)
euc,Capertee-2-2-1,all_exotic_herb,Capertee,non_grass_understory,qualified,negative,eucalpytus (teams = 66)
euc,Capertee-2-2-1,native_herb_fern_gram,Capertee,non_grass_understory,qualified,negative,eucalpytus (teams = 66)
euc,Cardwell-1-1-1,Season,Cardwell,timing,conclusive,none,eucalpytus (teams = 66)
euc,Cardwell-1-1-1,Property,Cardwell,location,conclusive,none,eucalpytus (teams = 66)
euc,Cardwell-1-1-1,ExoticAnnualGrass_cover,Cardwell,grass,conclusive,none,eucalpytus (teams = 66)
euc,Cardwell-1-1-1,ExoticAnnualHerb_cover,Cardwell,non_grass_understory,conclusive,none,eucalpytus (teams = 66)
euc,Cardwell-1-1-1,ExoticPerennialHerb_cover,Cardwell,non_grass_understory,conclusive,none,eucalpytus (teams = 66)
euc,Cardwell-1-1-1,ExoticPerennialGrass_cover,Cardwell,grass,conclusive,none,eucalpytus (teams = 66)
euc,Cardwell-1-1-1,ExoticShrub_cover,Cardwell,shrub,conclusive,none,eucalpytus (teams = 66)
euc,Cardwell-1-1-1,NativePerennialFern_cover,Cardwell,non_grass_understory,conclusive,none,eucalpytus (teams = 66)
euc,Cardwell-1-1-1,NativePerennialGrass_cover,Cardwell,grass,conclusive,none,eucalpytus (teams = 66)
euc,Cardwell-1-1-1,NativePerennialHerb_cover,Cardwell,non_grass_understory,conclusive,none,eucalpytus (teams = 66)
euc,Cardwell-1-1-1,NativePerennialGraminoid_cover,Cardwell,grass,conclusive,none,eucalpytus (teams = 66)
euc,Cardwell-1-1-1,NativeShrub_cover,Cardwell,shrub,conclusive,none,eucalpytus (teams = 66)
euc,Cardwell-1-1-1,BareGround_cover,Cardwell,non_veg_groundlayer,conclusive,none,eucalpytus (teams = 66)
euc,Cardwell-1-1-1,Litter_cover,Cardwell,non_veg_groundlayer,conclusive,none,eucalpytus (teams = 66)
euc,Cardwell-1-1-1,MossLichen_cover,Cardwell,non_grass_understory,conclusive,none,eucalpytus (teams = 66)
euc,Cardwell-1-1-1,Rock_cover,Cardwell,non_veg_groundlayer,conclusive,none,eucalpytus (teams = 66)
euc,Cardwell-1-1-1,Euc_canopy_cover,Cardwell,propagule_pressure,conclusive,none,eucalpytus (teams = 66)
euc,Cardwell-1-1-1,Distance_to_Eucalypt_canopy(m),Cardwell,propagule_pressure,conclusive,none,eucalpytus (teams = 66)
euc,Cardwell-1-1-1,euc_sdlgs0_50cm,Cardwell,seedings,conclusive,none,eucalpytus (teams = 66)
euc,Cardwell-1-1-1,euc_sdlgs50cm-2m,Cardwell,seedings,conclusive,none,eucalpytus (teams = 66)
euc,Cardwell-1-1-1,euc_sdlgs>2m,Cardwell,seedings,conclusive,none,eucalpytus (teams = 66)
euc,Carnarvo-1-1-1,Property,Carnarvo,location,conclusive,none,eucalpytus (teams = 66)
euc,Carnarvo-1-1-1,all_grass,Carnarvo,grass,conclusive,none,eucalpytus (teams = 66)
euc,Bundeena-1-1-1,Season,Bundeena,timing,conclusive,mixed,eucalpytus (teams = 66)
euc,Bundeena-1-1-1,Property,Bundeena,location,conclusive,mixed,eucalpytus (teams = 66)
euc,Bundeena-1-1-1,ExoticAnnualGrass_cover,Bundeena,grass,conclusive,mixed,eucalpytus (teams = 66)
euc,Bundeena-1-1-1,ExoticPerennialGrass_cover,Bundeena,grass,conclusive,mixed,eucalpytus (teams = 66)
euc,Bundeena-1-1-1,NativePerennialGrass_cover,Bundeena,grass,conclusive,mixed,eucalpytus (teams = 66)
euc,Bundeena-1-1-1,NativePerennialGraminoid_cover,Bundeena,grass,conclusive,mixed,eucalpytus (teams = 66)
euc,Bundeena-1-1-1,Euc_canopy_cover,Bundeena,propagule_pressure,conclusive,mixed,eucalpytus (teams = 66)
euc,Bundeena-1-1-1,Distance_to_Eucalypt_canopy(m),Bundeena,propagule_pressure,conclusive,mixed,eucalpytus (teams = 66)
euc,Bundeena-1-1-1,annual_precipitation,Bundeena,water_availability,conclusive,mixed,eucalpytus (teams = 66)
euc,Bundeena-1-1-1,MrVBF,Bundeena,location,conclusive,mixed,eucalpytus (teams = 66)
euc,Bundeena-1-1-1,K_perc,Bundeena,nutrients,conclusive,mixed,eucalpytus (teams = 66)
euc,Bundeena-1-1-1,Th_ppm,Bundeena,nutrients,conclusive,mixed,eucalpytus (teams = 66)
euc,Bundeena-1-1-1,U_ppm,Bundeena,nutrients,conclusive,mixed,eucalpytus (teams = 66)
euc,Bundeena-1-1-1,SRad_Jul,Bundeena,sunlight,conclusive,mixed,eucalpytus (teams = 66)
euc,Bundeena-2-2-1,Season,Bundeena,timing,conclusive,mixed,eucalpytus (teams = 66)
euc,Bundeena-2-2-1,Property,Bundeena,location,conclusive,mixed,eucalpytus (teams = 66)
euc,Bundeena-2-2-1,ExoticAnnualGrass_cover,Bundeena,grass,conclusive,mixed,eucalpytus (teams = 66)
euc,Bundeena-2-2-1,ExoticPerennialGrass_cover,Bundeena,grass,conclusive,mixed,eucalpytus (teams = 66)
euc,Bundeena-2-2-1,NativePerennialGrass_cover,Bundeena,grass,conclusive,mixed,eucalpytus (teams = 66)
euc,Bundeena-2-2-1,NativePerennialGraminoid_cover,Bundeena,grass,conclusive,mixed,eucalpytus (teams = 66)
euc,Bundeena-2-2-1,Euc_canopy_cover,Bundeena,propagule_pressure,conclusive,mixed,eucalpytus (teams = 66)
euc,Bundeena-2-2-1,Distance_to_Eucalypt_canopy(m),Bundeena,propagule_pressure,conclusive,mixed,eucalpytus (teams = 66)
euc,Bundeena-2-2-1,annual_precipitation,Bundeena,water_availability,conclusive,mixed,eucalpytus (teams = 66)
euc,Bundeena-2-2-1,MrVBF,Bundeena,location,conclusive,mixed,eucalpytus (teams = 66)
euc,Bundeena-2-2-1,K_perc,Bundeena,nutrients,conclusive,mixed,eucalpytus (teams = 66)
euc,Bundeena-2-2-1,U_ppm,Bundeena,nutrients,conclusive,mixed,eucalpytus (teams = 66)
euc,Bundeena-2-2-1,SRad_Jul,Bundeena,sunlight,conclusive,mixed,eucalpytus (teams = 66)
euc,Bundeena-3-3-1,Season,Bundeena,timing,conclusive,mixed,eucalpytus (teams = 66)
euc,Bundeena-3-3-1,Property,Bundeena,location,conclusive,mixed,eucalpytus (teams = 66)
euc,Bundeena-3-3-1,ExoticAnnualGrass_cover,Bundeena,grass,conclusive,mixed,eucalpytus (teams = 66)
euc,Bundeena-3-3-1,NativePerennialGrass_cover,Bundeena,grass,conclusive,mixed,eucalpytus (teams = 66)
euc,Bundeena-3-3-1,NativePerennialGraminoid_cover,Bundeena,grass,conclusive,mixed,eucalpytus (teams = 66)
euc,Bundeena-3-3-1,Euc_canopy_cover,Bundeena,propagule_pressure,conclusive,mixed,eucalpytus (teams = 66)
euc,Bundeena-3-3-1,Distance_to_Eucalypt_canopy(m),Bundeena,propagule_pressure,conclusive,mixed,eucalpytus (teams = 66)
euc,Bundeena-3-3-1,annual_precipitation,Bundeena,water_availability,conclusive,mixed,eucalpytus (teams = 66)
euc,Bundeena-3-3-1,MrVBF,Bundeena,location,conclusive,mixed,eucalpytus (teams = 66)
euc,Bundeena-3-3-1,K_perc,Bundeena,nutrients,conclusive,mixed,eucalpytus (teams = 66)
euc,Bundeena-3-3-1,Th_ppm,Bundeena,nutrients,conclusive,mixed,eucalpytus (teams = 66)
euc,Bundeena-3-3-1,U_ppm,Bundeena,nutrients,conclusive,mixed,eucalpytus (teams = 66)
euc,Bundeena-3-3-1,SRad_Jul,Bundeena,sunlight,conclusive,mixed,eucalpytus (teams = 66)
euc,Bundeena-4-4-1,Season,Bundeena,timing,conclusive,mixed,eucalpytus (teams = 66)
euc,Bundeena-4-4-1,Property,Bundeena,location,conclusive,mixed,eucalpytus (teams = 66)
euc,Bundeena-4-4-1,ExoticAnnualGrass_cover,Bundeena,grass,conclusive,mixed,eucalpytus (teams = 66)
euc,Bundeena-4-4-1,NativePerennialGrass_cover,Bundeena,grass,conclusive,mixed,eucalpytus (teams = 66)
euc,Bundeena-4-4-1,NativePerennialGraminoid_cover,Bundeena,grass,conclusive,mixed,eucalpytus (teams = 66)
euc,Bundeena-4-4-1,Euc_canopy_cover,Bundeena,propagule_pressure,conclusive,mixed,eucalpytus (teams = 66)
euc,Bundeena-4-4-1,Distance_to_Eucalypt_canopy(m),Bundeena,propagule_pressure,conclusive,mixed,eucalpytus (teams = 66)
euc,Bundeena-4-4-1,annual_precipitation,Bundeena,water_availability,conclusive,mixed,eucalpytus (teams = 66)
euc,Bundeena-4-4-1,MrVBF,Bundeena,location,conclusive,mixed,eucalpytus (teams = 66)
euc,Bundeena-4-4-1,K_perc,Bundeena,nutrients,conclusive,mixed,eucalpytus (teams = 66)
euc,Bundeena-4-4-1,U_ppm,Bundeena,nutrients,conclusive,mixed,eucalpytus (teams = 66)
euc,Bundeena-4-4-1,SRad_Jul,Bundeena,sunlight,conclusive,mixed,eucalpytus (teams = 66)
euc,Bundeena-5-5-1,Season,Bundeena,timing,conclusive,mixed,eucalpytus (teams = 66)
euc,Bundeena-5-5-1,Property,Bundeena,location,conclusive,mixed,eucalpytus (teams = 66)
euc,Bundeena-5-5-1,ExoticPerennialGrass_cover,Bundeena,grass,conclusive,mixed,eucalpytus (teams = 66)
euc,Bundeena-5-5-1,Euc_canopy_cover,Bundeena,propagule_pressure,conclusive,mixed,eucalpytus (teams = 66)
euc,Bundeena-5-5-1,Distance_to_Eucalypt_canopy(m),Bundeena,propagule_pressure,conclusive,mixed,eucalpytus (teams = 66)
euc,Bundeena-5-5-1,MrVBF,Bundeena,location,conclusive,mixed,eucalpytus (teams = 66)
euc,Bundeena-5-5-1,K_perc,Bundeena,nutrients,conclusive,mixed,eucalpytus (teams = 66)
euc,Bundeena-5-5-1,Th_ppm,Bundeena,nutrients,conclusive,mixed,eucalpytus (teams = 66)
euc,Bundeena-5-5-1,U_ppm,Bundeena,nutrients,conclusive,mixed,eucalpytus (teams = 66)
euc,Bundeena-5-5-1,SRad_Jul,Bundeena,sunlight,conclusive,mixed,eucalpytus (teams = 66)
euc,Cassilis-1-1-1,Property,Cassilis,location,conclusive,positive,eucalpytus (teams = 66)
euc,Cassilis-1-1-1,ExoticPerennialGrass_cover,Cassilis,grass,conclusive,positive,eucalpytus (teams = 66)
euc,Cervante-1-1-1,Season,Cervante,timing,qualified,none,eucalpytus (teams = 66)
euc,Cervante-1-1-1,Property,Cervante,location,qualified,none,eucalpytus (teams = 66)
euc,Cervante-1-1-1,ExoticAnnualGrass_cover,Cervante,grass,qualified,none,eucalpytus (teams = 66)
euc,Cervante-1-1-1,ExoticAnnualHerb_cover,Cervante,non_grass_understory,qualified,none,eucalpytus (teams = 66)
euc,Cervante-1-1-1,ExoticPerennialHerb_cover,Cervante,non_grass_understory,qualified,none,eucalpytus (teams = 66)
euc,Cervante-1-1-1,ExoticPerennialGrass_cover,Cervante,grass,qualified,none,eucalpytus (teams = 66)
euc,Cervante-1-1-1,ExoticShrub_cover,Cervante,shrub,qualified,none,eucalpytus (teams = 66)
euc,Cervante-1-1-1,NativePerennialFern_cover,Cervante,non_grass_understory,qualified,none,eucalpytus (teams = 66)
euc,Cervante-1-1-1,NativePerennialGrass_cover,Cervante,grass,qualified,none,eucalpytus (teams = 66)
euc,Cervante-1-1-1,NativePerennialHerb_cover,Cervante,non_grass_understory,qualified,none,eucalpytus (teams = 66)
euc,Cervante-1-1-1,NativePerennialGraminoid_cover,Cervante,grass,qualified,none,eucalpytus (teams = 66)
euc,Cervante-1-1-1,NativeShrub_cover,Cervante,shrub,qualified,none,eucalpytus (teams = 66)
euc,Cervante-1-1-1,BareGround_cover,Cervante,non_veg_groundlayer,qualified,none,eucalpytus (teams = 66)
euc,Cervante-1-1-1,Litter_cover,Cervante,non_veg_groundlayer,qualified,none,eucalpytus (teams = 66)
euc,Cervante-1-1-1,MossLichen_cover,Cervante,non_grass_understory,qualified,none,eucalpytus (teams = 66)
euc,Cervante-1-1-1,Rock_cover,Cervante,non_veg_groundlayer,qualified,none,eucalpytus (teams = 66)
euc,Cervante-1-1-1,Euc_canopy_cover,Cervante,propagule_pressure,qualified,none,eucalpytus (teams = 66)
euc,Cervante-1-1-1,Distance_to_Eucalypt_canopy(m),Cervante,propagule_pressure,qualified,none,eucalpytus (teams = 66)
euc,Cervante-1-1-1,euc_sdlgs0_50cm,Cervante,seedings,qualified,none,eucalpytus (teams = 66)
euc,Cervante-1-1-1,euc_sdlgs50cm-2m,Cervante,seedings,qualified,none,eucalpytus (teams = 66)
euc,Cervante-1-1-1,euc_sdlgs>2m,Cervante,seedings,qualified,none,eucalpytus (teams = 66)
euc,Cervante-1-1-1,annual_precipitation,Cervante,water_availability,qualified,none,eucalpytus (teams = 66)
euc,Cervante-1-1-1,K_perc,Cervante,nutrients,qualified,none,eucalpytus (teams = 66)
euc,Cervante-1-1-1,Th_ppm,Cervante,nutrients,qualified,none,eucalpytus (teams = 66)
euc,Cervante-1-1-1,U_ppm,Cervante,nutrients,qualified,none,eucalpytus (teams = 66)
euc,Cervante-1-1-1,SRad_Jan,Cervante,sunlight,qualified,none,eucalpytus (teams = 66)
euc,Cessnock-1-1-1,Season,Cessnock,timing,conclusive,none,eucalpytus (teams = 66)
euc,Cessnock-1-1-1,Property,Cessnock,location,conclusive,none,eucalpytus (teams = 66)
euc,Cessnock-1-1-1,Aspect,Cessnock,location,conclusive,none,eucalpytus (teams = 66)
euc,Cessnock-1-1-1,BareGround_cover,Cessnock,non_veg_groundlayer,conclusive,none,eucalpytus (teams = 66)
euc,Cessnock-1-1-1,Distance_to_Eucalypt_canopy(m),Cessnock,propagule_pressure,conclusive,none,eucalpytus (teams = 66)
euc,Cessnock-1-1-1,MrVBF,Cessnock,location,conclusive,none,eucalpytus (teams = 66)
euc,Cessnock-1-1-1,all_grass,Cessnock,grass,conclusive,none,eucalpytus (teams = 66)
euc,Charlton-1-1-1,Season,Charlton,timing,qualified,one,eucalpytus (teams = 66)
euc,Charlton-1-1-1,Property,Charlton,location,qualified,one,eucalpytus (teams = 66)
euc,Charlton-1-1-1,ExoticAnnualGrass_cover,Charlton,grass,qualified,one,eucalpytus (teams = 66)
euc,Charlton-1-1-1,ExoticPerennialGrass_cover,Charlton,grass,qualified,one,eucalpytus (teams = 66)
euc,Charlton-1-1-1,NativePerennialGrass_cover,Charlton,grass,qualified,one,eucalpytus (teams = 66)
euc,Charlton-1-1-1,Euc_canopy_cover,Charlton,propagule_pressure,qualified,one,eucalpytus (teams = 66)
euc,Charlton-1-1-1,Distance_to_Eucalypt_canopy(m),Charlton,propagule_pressure,qualified,one,eucalpytus (teams = 66)
euc,Charlton-1-1-1,annual_precipitation,Charlton,water_availability,qualified,one,eucalpytus (teams = 66)
euc,Charlton-1-1-1,MrVBF,Charlton,location,qualified,one,eucalpytus (teams = 66)
euc,Charlton-1-1-1,K_perc,Charlton,nutrients,qualified,one,eucalpytus (teams = 66)
euc,Charlton-1-1-1,Th_ppm,Charlton,nutrients,qualified,one,eucalpytus (teams = 66)
euc,Charlton-1-1-1,U_ppm,Charlton,nutrients,qualified,one,eucalpytus (teams = 66)
euc,Childers-1-1-1,Property,Childers,location,conclusive,mixed,eucalpytus (teams = 66)
euc,Childers-1-1-1,Quadrat no,Childers,id,conclusive,mixed,eucalpytus (teams = 66)
euc,Childers-1-1-1,Euc_canopy_cover,Childers,propagule_pressure,conclusive,mixed,eucalpytus (teams = 66)
euc,Childers-1-1-1,Distance_to_Eucalypt_canopy(m),Childers,propagule_pressure,conclusive,mixed,eucalpytus (teams = 66)
euc,Childers-1-1-1,annual_precipitation,Childers,water_availability,conclusive,mixed,eucalpytus (teams = 66)
euc,Childers-1-1-1,all_exotic_grass,Childers,grass,conclusive,mixed,eucalpytus (teams = 66)
euc,Childers-2-2-1,Property,Childers,location,conclusive,mixed,eucalpytus (teams = 66)
euc,Childers-2-2-1,Quadrat no,Childers,id,conclusive,mixed,eucalpytus (teams = 66)
euc,Childers-2-2-1,NativePerennialGrass_cover,Childers,grass,conclusive,mixed,eucalpytus (teams = 66)
euc,Childers-2-2-1,Euc_canopy_cover,Childers,propagule_pressure,conclusive,mixed,eucalpytus (teams = 66)
euc,Childers-2-2-1,Distance_to_Eucalypt_canopy(m),Childers,propagule_pressure,conclusive,mixed,eucalpytus (teams = 66)
euc,Childers-2-2-1,annual_precipitation,Childers,water_availability,conclusive,mixed,eucalpytus (teams = 66)
euc,Chiltern-1-1-1,Property,Chiltern,location,qualified,none,eucalpytus (teams = 66)
euc,Chiltern-1-1-1,annual_precipitation,Chiltern,water_availability,qualified,none,eucalpytus (teams = 66)
euc,Chiltern-1-1-1,all_grass,Chiltern,grass,qualified,none,eucalpytus (teams = 66)
tit,Ayr-1-2-2,hatch_year,Ayr,year,qualified,negative,bluetit (teams = 77)
tit,Ayr-1-2-2,hatch_mom_Ring,Ayr,parent,qualified,negative,bluetit (teams = 77)
tit,Ayr-1-2-2,d0_hatch_nest_brood_size,Ayr,hatch_siblings,qualified,negative,bluetit (teams = 77)
tit,Ayr-1-2-2,rear_area,Ayr,rear_location,qualified,negative,bluetit (teams = 77)
tit,Ayr-1-2-2,rear_mom_Ring,Ayr,parent,qualified,negative,bluetit (teams = 77)
tit,Ayr-1-2-2,home_or_away,Ayr,experimental_treatment,qualified,negative,bluetit (teams = 77)
tit,Ayr-1-2-2,net_rearing_manipulation,Ayr,experimental_treatment,qualified,negative,bluetit (teams = 77)
tit,Ayr-1-2-2,rear_Cs_at_start_of_rearing,Ayr,siblings,qualified,negative,bluetit (teams = 77)
tit,Ayr-1-2-2,d14_rear_nest_brood_size,Ayr,siblings,qualified,negative,bluetit (teams = 77)
tit,Ayr-1-2-2,Date_of_day14,Ayr,date,qualified,negative,bluetit (teams = 77)
tit,Ayr-1-2-2,day_14_tarsus_length,Ayr,tarsus,qualified,negative,bluetit (teams = 77)
tit,Ayr-1-2-2,day_14_weight,Ayr,weight,qualified,negative,bluetit (teams = 77)
tit,Ayr-1-2-3,hatch_year,Ayr,year,qualified,negative,bluetit (teams = 77)
tit,Ayr-1-2-3,hatch_mom_Ring,Ayr,parent,qualified,negative,bluetit (teams = 77)
tit,Ayr-1-2-3,d0_hatch_nest_brood_size,Ayr,hatch_siblings,qualified,negative,bluetit (teams = 77)
tit,Ayr-1-2-3,rear_area,Ayr,rear_location,qualified,negative,bluetit (teams = 77)
tit,Ayr-1-2-3,rear_mom_Ring,Ayr,parent,qualified,negative,bluetit (teams = 77)
tit,Ayr-1-2-3,home_or_away,Ayr,experimental_treatment,qualified,negative,bluetit (teams = 77)
tit,Ayr-1-2-3,net_rearing_manipulation,Ayr,experimental_treatment,qualified,negative,bluetit (teams = 77)
tit,Ayr-1-2-3,rear_Cs_at_start_of_rearing,Ayr,siblings,qualified,negative,bluetit (teams = 77)
tit,Ayr-1-2-3,d14_rear_nest_brood_size,Ayr,siblings,qualified,negative,bluetit (teams = 77)
tit,Ayr-1-2-3,Date_of_day14,Ayr,date,qualified,negative,bluetit (teams = 77)
tit,Ayr-1-2-3,day_14_tarsus_length,Ayr,tarsus,qualified,negative,bluetit (teams = 77)
tit,Ayr-1-2-3,day_14_weight,Ayr,weight,qualified,negative,bluetit (teams = 77)
tit,Ayr-1-2-1,hatch_year,Ayr,year,qualified,negative,bluetit (teams = 77)
tit,Ayr-1-2-1,hatch_mom_Ring,Ayr,parent,qualified,negative,bluetit (teams = 77)
tit,Ayr-1-2-1,d0_hatch_nest_brood_size,Ayr,hatch_siblings,qualified,negative,bluetit (teams = 77)
tit,Ayr-1-2-1,rear_area,Ayr,rear_location,qualified,negative,bluetit (teams = 77)
tit,Ayr-1-2-1,rear_mom_Ring,Ayr,parent,qualified,negative,bluetit (teams = 77)
tit,Ayr-1-2-1,home_or_away,Ayr,experimental_treatment,qualified,negative,bluetit (teams = 77)
tit,Ayr-1-2-1,net_rearing_manipulation,Ayr,experimental_treatment,qualified,negative,bluetit (teams = 77)
tit,Ayr-1-2-1,rear_Cs_at_start_of_rearing,Ayr,siblings,qualified,negative,bluetit (teams = 77)
tit,Ayr-1-2-1,d14_rear_nest_brood_size,Ayr,siblings,qualified,negative,bluetit (teams = 77)
tit,Ayr-1-2-1,Date_of_day14,Ayr,date,qualified,negative,bluetit (teams = 77)
tit,Ayr-1-2-1,day_14_tarsus_length,Ayr,tarsus,qualified,negative,bluetit (teams = 77)
tit,Ayr-1-2-1,day_14_weight,Ayr,weight,qualified,negative,bluetit (teams = 77)
tit,Bega-2-2-1,hatch_year,Bega,year,qualified,negative,bluetit (teams = 77)
tit,Bega-2-2-1,rear_area,Bega,rear_location,qualified,negative,bluetit (teams = 77)
tit,Bega-2-2-1,rear_nest_trt,Bega,experimental_treatment,qualified,negative,bluetit (teams = 77)
tit,Bega-2-2-1,rear_nest_OH,Bega,date,qualified,negative,bluetit (teams = 77)
tit,Bega-2-2-1,rear_Cs_at_start_of_rearing,Bega,siblings,qualified,negative,bluetit (teams = 77)
tit,Bega-2-2-1,d14_rear_nest_brood_size,Bega,siblings,qualified,negative,bluetit (teams = 77)
tit,Bega-2-2-1,brood_reduction,Bega,experimental_treatment,qualified,negative,bluetit (teams = 77)
tit,Bega-2-2-2,hatch_year,Bega,year,qualified,negative,bluetit (teams = 77)
tit,Bega-2-2-2,rear_area,Bega,rear_location,qualified,negative,bluetit (teams = 77)
tit,Bega-2-2-2,rear_nest_trt,Bega,experimental_treatment,qualified,negative,bluetit (teams = 77)
tit,Bega-2-2-2,rear_nest_OH,Bega,date,qualified,negative,bluetit (teams = 77)
tit,Bega-2-2-2,rear_Cs_at_start_of_rearing,Bega,siblings,qualified,negative,bluetit (teams = 77)
tit,Bega-2-2-2,d14_rear_nest_brood_size,Bega,siblings,qualified,negative,bluetit (teams = 77)
tit,Bega-2-2-2,brood_reduction,Bega,experimental_treatment,qualified,negative,bluetit (teams = 77)
tit,Bega-1-1-1,hatch_year,Bega,year,qualified,negative,bluetit (teams = 77)
tit,Bega-1-1-1,rear_area,Bega,rear_location,qualified,negative,bluetit (teams = 77)
tit,Bega-1-1-1,rear_nest_trt,Bega,experimental_treatment,qualified,negative,bluetit (teams = 77)
tit,Bega-1-1-1,rear_nest_OH,Bega,date,qualified,negative,bluetit (teams = 77)
tit,Bega-1-1-1,rear_Cs_at_start_of_rearing,Bega,siblings,qualified,negative,bluetit (teams = 77)
tit,Bega-1-1-1,d14_rear_nest_brood_size,Bega,siblings,qualified,negative,bluetit (teams = 77)
tit,Bega-1-1-1,brood_reduction,Bega,experimental_treatment,qualified,negative,bluetit (teams = 77)
tit,Bega-1-1-2,hatch_year,Bega,year,qualified,negative,bluetit (teams = 77)
tit,Bega-1-1-2,rear_area,Bega,rear_location,qualified,negative,bluetit (teams = 77)
tit,Bega-1-1-2,rear_nest_trt,Bega,experimental_treatment,qualified,negative,bluetit (teams = 77)
tit,Bega-1-1-2,rear_nest_OH,Bega,date,qualified,negative,bluetit (teams = 77)
tit,Bega-1-1-2,rear_Cs_at_start_of_rearing,Bega,siblings,qualified,negative,bluetit (teams = 77)
tit,Bega-1-1-2,d14_rear_nest_brood_size,Bega,siblings,qualified,negative,bluetit (teams = 77)
tit,Bega-1-1-2,brood_reduction,Bega,experimental_treatment,qualified,negative,bluetit (teams = 77)
tit,Bell-4-4-1,hatch_nest_breed_ID,Bell,id,conclusive,negative,bluetit (teams = 77)
tit,Bell-4-4-1,hatch_nest_LD,Bell,date,conclusive,negative,bluetit (teams = 77)
tit,Bell-4-4-1,rear_nest_breed_ID,Bell,id,conclusive,negative,bluetit (teams = 77)
tit,Bell-4-4-1,rear_area,Bell,rear_location,conclusive,negative,bluetit (teams = 77)
tit,Bell-4-4-1,d14_rear_nest_brood_size,Bell,siblings,conclusive,negative,bluetit (teams = 77)
tit,Bell-4-4-1,Date_of_day14,Bell,date,conclusive,negative,bluetit (teams = 77)
tit,Bell-4-4-1,day14_measurer,Bell,observer,conclusive,negative,bluetit (teams = 77)
tit,Bell-3-3-1,hatch_nest_breed_ID,Bell,id,conclusive,negative,bluetit (teams = 77)
tit,Bell-3-3-1,hatch_nest_LD,Bell,date,conclusive,negative,bluetit (teams = 77)
tit,Bell-3-3-1,rear_nest_breed_ID,Bell,id,conclusive,negative,bluetit (teams = 77)
tit,Bell-3-3-1,rear_area,Bell,rear_location,conclusive,negative,bluetit (teams = 77)
tit,Bell-3-3-1,rear_d0_rear_nest_brood_size,Bell,siblings,conclusive,negative,bluetit (teams = 77)
tit,Bell-3-3-1,Date_of_day14,Bell,date,conclusive,negative,bluetit (teams = 77)
tit,Bell-3-3-1,day14_measurer,Bell,observer,conclusive,negative,bluetit (teams = 77)
tit,Bell-1-1-1,hatch_nest_breed_ID,Bell,id,conclusive,negative,bluetit (teams = 77)
tit,Bell-1-1-1,hatch_nest_LD,Bell,date,conclusive,negative,bluetit (teams = 77)
tit,Bell-1-1-1,rear_nest_breed_ID,Bell,id,conclusive,negative,bluetit (teams = 77)
tit,Bell-1-1-1,rear_area,Bell,rear_location,conclusive,negative,bluetit (teams = 77)
tit,Bell-1-1-1,rear_nest_trt,Bell,experimental_treatment,conclusive,negative,bluetit (teams = 77)
tit,Bell-1-1-1,Date_of_day14,Bell,date,conclusive,negative,bluetit (teams = 77)
tit,Bell-1-1-1,day14_measurer,Bell,observer,conclusive,negative,bluetit (teams = 77)
tit,Bell-1-1-2,hatch_nest_breed_ID,Bell,id,conclusive,negative,bluetit (teams = 77)
tit,Bell-1-1-2,hatch_nest_LD,Bell,date,conclusive,negative,bluetit (teams = 77)
tit,Bell-1-1-2,rear_nest_breed_ID,Bell,id,conclusive,negative,bluetit (teams = 77)
tit,Bell-1-1-2,rear_area,Bell,rear_location,conclusive,negative,bluetit (teams = 77)
tit,Bell-1-1-2,rear_nest_trt,Bell,experimental_treatment,conclusive,negative,bluetit (teams = 77)
tit,Bell-1-1-2,Date_of_day14,Bell,date,conclusive,negative,bluetit (teams = 77)
tit,Bell-1-1-2,day14_measurer,Bell,observer,conclusive,negative,bluetit (teams = 77)
tit,Bell-1-1-3,hatch_nest_breed_ID,Bell,id,conclusive,negative,bluetit (teams = 77)
tit,Bell-1-1-3,hatch_nest_LD,Bell,date,conclusive,negative,bluetit (teams = 77)
tit,Bell-1-1-3,rear_nest_breed_ID,Bell,id,conclusive,negative,bluetit (teams = 77)
tit,Bell-1-1-3,rear_area,Bell,rear_location,conclusive,negative,bluetit (teams = 77)
tit,Bell-1-1-3,rear_nest_trt,Bell,experimental_treatment,conclusive,negative,bluetit (teams = 77)
tit,Bell-1-1-3,Date_of_day14,Bell,date,conclusive,negative,bluetit (teams = 77)
tit,Bell-1-1-3,day14_measurer,Bell,observer,conclusive,negative,bluetit (teams = 77)
tit,Bell-2-2-1,hatch_nest_breed_ID,Bell,id,conclusive,negative,bluetit (teams = 77)
tit,Bell-2-2-1,hatch_nest_LD,Bell,date,conclusive,negative,bluetit (teams = 77)
tit,Bell-2-2-1,rear_nest_breed_ID,Bell,id,conclusive,negative,bluetit (teams = 77)
tit,Bell-2-2-1,rear_area,Bell,rear_location,conclusive,negative,bluetit (teams = 77)
tit,Bell-2-2-1,net_rearing_manipulation,Bell,experimental_treatment,conclusive,negative,bluetit (teams = 77)
tit,Bell-2-2-1,Date_of_day14,Bell,date,conclusive,negative,bluetit (teams = 77)
tit,Bell-2-2-1,day14_measurer,Bell,observer,conclusive,negative,bluetit (teams = 77)
tit,Bell-5-5-1,hatch_nest_breed_ID,Bell,id,conclusive,negative,bluetit (teams = 77)
tit,Bell-5-5-1,hatch_nest_LD,Bell,date,conclusive,negative,bluetit (teams = 77)
tit,Bell-5-5-1,rear_nest_breed_ID,Bell,id,conclusive,negative,bluetit (teams = 77)
tit,Bell-5-5-1,rear_area,Bell,rear_location,conclusive,negative,bluetit (teams = 77)
tit,Bell-5-5-1,rear_nest_trt,Bell,experimental_treatment,conclusive,negative,bluetit (teams = 77)
tit,Bell-5-5-1,Date_of_day14,Bell,date,conclusive,negative,bluetit (teams = 77)
tit,Bell-5-5-1,day14_measurer,Bell,observer,conclusive,negative,bluetit (teams = 77)
tit,Bell-5-5-2,hatch_nest_breed_ID,Bell,id,conclusive,negative,bluetit (teams = 77)
tit,Bell-5-5-2,hatch_nest_LD,Bell,date,conclusive,negative,bluetit (teams = 77)
tit,Bell-5-5-2,rear_nest_breed_ID,Bell,id,conclusive,negative,bluetit (teams = 77)
tit,Bell-5-5-2,rear_area,Bell,rear_location,conclusive,negative,bluetit (teams = 77)
tit,Bell-5-5-2,rear_nest_trt,Bell,experimental_treatment,conclusive,negative,bluetit (teams = 77)
tit,Bell-5-5-2,Date_of_day14,Bell,date,conclusive,negative,bluetit (teams = 77)
tit,Bell-5-5-2,day14_measurer,Bell,observer,conclusive,negative,bluetit (teams = 77)
tit,Berr-1-1-1,hatch_year,Berr,year,conclusive,mixed,bluetit (teams = 77)
tit,Berr-1-1-1,hatch_nest_breed_ID,Berr,id,conclusive,mixed,bluetit (teams = 77)
tit,Berr-1-1-1,rear_nest_breed_ID,Berr,id,conclusive,mixed,bluetit (teams = 77)
tit,Berr-1-1-1,home_or_away,Berr,experimental_treatment,conclusive,mixed,bluetit (teams = 77)
tit,Berr-1-1-1,net_rearing_manipulation,Berr,experimental_treatment,conclusive,mixed,bluetit (teams = 77)
tit,Berr-1-1-1,Date_of_day14,Berr,date,conclusive,mixed,bluetit (teams = 77)
tit,Berr-1-1-1,chick_sex_molec,Berr,sex,conclusive,mixed,bluetit (teams = 77)
tit,Brim-1-1-1,hatch_year,Brim,year,conclusive,negative,bluetit (teams = 77)
tit,Brim-1-1-1,hatch_Box,Brim,hatch_location,conclusive,negative,bluetit (teams = 77)
tit,Brim-1-1-1,d14_hatch_nest_brood_size,Brim,hatch_siblings,conclusive,negative,bluetit (teams = 77)
tit,Brim-1-1-1,rear_area,Brim,rear_location,conclusive,negative,bluetit (teams = 77)
tit,Brim-1-1-1,day_14_tarsus_length,Brim,tarsus,conclusive,negative,bluetit (teams = 77)
tit,Brim-1-1-1,day_14_weight,Brim,weight,conclusive,negative,bluetit (teams = 77)
tit,Brim-1-1-1,day14_measurer,Brim,observer,conclusive,negative,bluetit (teams = 77)
tit,Bruc-1-1-1,hatch_year,Bruc,year,qualified,negative,bluetit (teams = 77)
tit,Bruc-1-1-1,hatch_nest_breed_ID,Bruc,id,qualified,negative,bluetit (teams = 77)
tit,Bruc-1-1-1,hatch_Area,Bruc,hatch_location,qualified,negative,bluetit (teams = 77)
tit,Bruc-1-1-1,rear_nest_breed_ID,Bruc,id,qualified,negative,bluetit (teams = 77)
tit,Bruc-1-1-1,rear_area,Bruc,rear_location,qualified,negative,bluetit (teams = 77)
tit,Bruc-1-1-1,rear_nest_trt,Bruc,experimental_treatment,qualified,negative,bluetit (teams = 77)
tit,Bruc-1-1-1,home_or_away,Bruc,experimental_treatment,qualified,negative,bluetit (teams = 77)
tit,Bruc-1-1-1,net_rearing_manipulation,Bruc,experimental_treatment,qualified,negative,bluetit (teams = 77)
tit,Bruc-1-1-1,rear_Cs_at_start_of_rearing,Bruc,siblings,qualified,negative,bluetit (teams = 77)
tit,Bruc-1-1-1,d14_rear_nest_brood_size,Bruc,siblings,qualified,negative,bluetit (teams = 77)
tit,Bruc-1-1-1,Date_of_day14,Bruc,date,qualified,negative,bluetit (teams = 77)
tit,Burr-1-1-2,hatch_year,Burr,year,conclusive,negative,bluetit (teams = 77)
tit,Burr-1-1-2,hatch_mom_Ring,Burr,parent,conclusive,negative,bluetit (teams = 77)
tit,Burr-1-1-2,genetic_dad_ring_(WP_or_EP),Burr,parent,conclusive,negative,bluetit (teams = 77)
tit,Burr-1-1-2,d0_hatch_nest_brood_size,Burr,hatch_siblings,conclusive,negative,bluetit (teams = 77)
tit,Burr-1-1-2,rear_area,Burr,rear_location,conclusive,negative,bluetit (teams = 77)
tit,Burr-1-1-2,rear_nest_trt,Burr,experimental_treatment,conclusive,negative,bluetit (teams = 77)
tit,Burr-1-1-2,day14_measurer,Burr,observer,conclusive,negative,bluetit (teams = 77)
tit,Burr-1-1-2,chick_sex_molec,Burr,sex,conclusive,negative,bluetit (teams = 77)
tit,Burr-1-1-1,hatch_year,Burr,year,conclusive,negative,bluetit (teams = 77)
tit,Burr-1-1-1,hatch_mom_Ring,Burr,parent,conclusive,negative,bluetit (teams = 77)
tit,Burr-1-1-1,genetic_dad_ring_(WP_or_EP),Burr,parent,conclusive,negative,bluetit (teams = 77)
tit,Burr-1-1-1,d0_hatch_nest_brood_size,Burr,hatch_siblings,conclusive,negative,bluetit (teams = 77)
tit,Burr-1-1-1,rear_area,Burr,rear_location,conclusive,negative,bluetit (teams = 77)
tit,Burr-1-1-1,rear_nest_trt,Burr,experimental_treatment,conclusive,negative,bluetit (teams = 77)
tit,Burr-1-1-1,day14_measurer,Burr,observer,conclusive,negative,bluetit (teams = 77)
tit,Burr-1-1-1,chick_sex_molec,Burr,sex,conclusive,negative,bluetit (teams = 77)
tit,Burr-2-2-2,hatch_year,Burr,year,conclusive,negative,bluetit (teams = 77)
tit,Burr-2-2-2,hatch_Area,Burr,hatch_location,conclusive,negative,bluetit (teams = 77)
tit,Burr-2-2-2,hatch_mom_Ring,Burr,parent,conclusive,negative,bluetit (teams = 77)
tit,Burr-2-2-2,genetic_dad_ring_(WP_or_EP),Burr,parent,conclusive,negative,bluetit (teams = 77)
tit,Burr-2-2-2,hatch_nest_LD,Burr,date,conclusive,negative,bluetit (teams = 77)
tit,Burr-2-2-2,d0_hatch_nest_brood_size,Burr,hatch_siblings,conclusive,negative,bluetit (teams = 77)
tit,Burr-2-2-2,rear_area,Burr,rear_location,conclusive,negative,bluetit (teams = 77)
tit,Burr-2-2-2,rear_nest_trt,Burr,experimental_treatment,conclusive,negative,bluetit (teams = 77)
tit,Burr-2-2-2,day14_measurer,Burr,observer,conclusive,negative,bluetit (teams = 77)
tit,Burr-2-2-2,chick_sex_molec,Burr,sex,conclusive,negative,bluetit (teams = 77)
tit,Burr-2-2-1,hatch_year,Burr,year,conclusive,negative,bluetit (teams = 77)
tit,Burr-2-2-1,hatch_Area,Burr,hatch_location,conclusive,negative,bluetit (teams = 77)
tit,Burr-2-2-1,hatch_mom_Ring,Burr,parent,conclusive,negative,bluetit (teams = 77)
tit,Burr-2-2-1,genetic_dad_ring_(WP_or_EP),Burr,parent,conclusive,negative,bluetit (teams = 77)
tit,Burr-2-2-1,hatch_nest_LD,Burr,date,conclusive,negative,bluetit (teams = 77)
tit,Burr-2-2-1,d0_hatch_nest_brood_size,Burr,hatch_siblings,conclusive,negative,bluetit (teams = 77)
tit,Burr-2-2-1,rear_area,Burr,rear_location,conclusive,negative,bluetit (teams = 77)
tit,Burr-2-2-1,rear_nest_trt,Burr,experimental_treatment,conclusive,negative,bluetit (teams = 77)
tit,Burr-2-2-1,day14_measurer,Burr,observer,conclusive,negative,bluetit (teams = 77)
tit,Burr-2-2-1,chick_sex_molec,Burr,sex,conclusive,negative,bluetit (teams = 77)
tit,Byng-1-1-1,rear_area,Byng,rear_location,conclusive,negative,bluetit (teams = 77)
tit,Byng-1-1-1,rear_Cs_at_start_of_rearing,Byng,siblings,conclusive,negative,bluetit (teams = 77)
tit,Byng-1-1-1,number_chicks_fledged_from_rear_nest,Byng,survival,conclusive,negative,bluetit (teams = 77)
tit,Byng-1-1-1,day_14_tarsus_length,Byng,tarsus,conclusive,negative,bluetit (teams = 77)
tit,Byng-1-1-1,day_14_weight,Byng,weight,conclusive,negative,bluetit (teams = 77)
tit,Byng-1-1-1,day14_measurer,Byng,observer,conclusive,negative,bluetit (teams = 77)
tit,Byng-1-1-1,chick_sex_molec,Byng,sex,conclusive,negative,bluetit (teams = 77)
tit,Cape-1-1-1,hatch_year,Cape,year,conclusion missing,conclusion missing,bluetit (teams = 77)
tit,Cape-1-1-1,hatch_nest_breed_ID,Cape,id,conclusion missing,conclusion missing,bluetit (teams = 77)
tit,Cape-1-1-1,rear_nest_breed_ID,Cape,id,conclusion missing,conclusion missing,bluetit (teams = 77)
tit,Cape-1-1-1,rear_area,Cape,rear_location,conclusion missing,conclusion missing,bluetit (teams = 77)
tit,Cape-1-1-1,rear_Box,Cape,rear_location,conclusion missing,conclusion missing,bluetit (teams = 77)
tit,Cape-1-1-1,home_or_away,Cape,experimental_treatment,conclusion missing,conclusion missing,bluetit (teams = 77)
tit,Cape-1-1-1,rear_nest_LD,Cape,date,conclusion missing,conclusion missing,bluetit (teams = 77)
tit,Cape-1-1-1,rear_Cs_at_start_of_rearing,Cape,siblings,conclusion missing,conclusion missing,bluetit (teams = 77)
tit,Cape-1-1-1,day14_measurer,Cape,observer,conclusion missing,conclusion missing,bluetit (teams = 77)
tit,Cape-1-1-1,chick_sex_molec,Cape,sex,conclusion missing,conclusion missing,bluetit (teams = 77)
tit,Clar-2-2-1,hatch_nest_breed_ID,Clar,id,conclusive,negative,bluetit (teams = 77)
tit,Clar-2-2-1,net_rearing_manipulation,Clar,experimental_treatment,conclusive,negative,bluetit (teams = 77)
tit,Clar-1-1-1,hatch_nest_breed_ID,Clar,id,conclusive,negative,bluetit (teams = 77)
tit,Clar-1-1-1,net_rearing_manipulation,Clar,experimental_treatment,conclusive,negative,bluetit (teams = 77)
tit,Clev-1-1-1,hatch_year,Clev,year,qualified,negative,bluetit (teams = 77)
tit,Clev-1-1-1,hatch_mom_Ring,Clev,parent,qualified,negative,bluetit (teams = 77)
tit,Clev-1-1-1,genetic_dad_ring_(WP_or_EP),Clev,parent,qualified,negative,bluetit (teams = 77)
tit,Clev-1-1-1,hatch_nest_LD,Clev,date,qualified,negative,bluetit (teams = 77)
tit,Clev-1-1-1,rear_nest_breed_ID,Clev,id,qualified,negative,bluetit (teams = 77)
tit,Clev-1-1-1,rear_area,Clev,rear_location,qualified,negative,bluetit (teams = 77)
tit,Clev-1-1-1,rear_Box,Clev,rear_location,qualified,negative,bluetit (teams = 77)
tit,Clev-1-1-1,rear_mom_Ring,Clev,parent,qualified,negative,bluetit (teams = 77)
tit,Clev-1-1-1,rear_dad_Ring,Clev,parent,qualified,negative,bluetit (teams = 77)
tit,Clev-1-1-1,home_or_away,Clev,experimental_treatment,qualified,negative,bluetit (teams = 77)
tit,Clev-1-1-1,rear_Cs_at_start_of_rearing,Clev,siblings,qualified,negative,bluetit (teams = 77)
tit,Clev-1-1-1,chick_sex_molec,Clev,sex,qualified,negative,bluetit (teams = 77)
tit,Alban-4-4-1,rear_nest_breed_ID,Alban,id,conclusive,negative,bluetit (teams = 77)
tit,Alban-4-4-1,rear_nest_trt,Alban,experimental_treatment,conclusive,negative,bluetit (teams = 77)
tit,Alban-4-4-1,home_or_away,Alban,experimental_treatment,conclusive,negative,bluetit (teams = 77)
tit,Alban-4-4-1,Date_of_day14,Alban,date,conclusive,negative,bluetit (teams = 77)
tit,Alban-4-4-1,day_14_weight,Alban,weight,conclusive,negative,bluetit (teams = 77)
tit,Alban-4-4-1,chick_survival_to_first_breed_season,Alban,survival,conclusive,negative,bluetit (teams = 77)
tit,Alban-1-1-1,hatch_nest_breed_ID,Alban,id,conclusive,negative,bluetit (teams = 77)
tit,Alban-1-1-1,hatch_Box,Alban,hatch_location,conclusive,negative,bluetit (teams = 77)
tit,Alban-1-1-1,rear_nest_breed_ID,Alban,id,conclusive,negative,bluetit (teams = 77)
tit,Alban-1-1-1,rear_Box,Alban,rear_location,conclusive,negative,bluetit (teams = 77)
tit,Alban-1-1-1,home_or_away,Alban,experimental_treatment,conclusive,negative,bluetit (teams = 77)
tit,Alban-1-1-1,rear_Cs_at_start_of_rearing,Alban,siblings,conclusive,negative,bluetit (teams = 77)
tit,Alban-1-1-1,Date_of_day14,Alban,date,conclusive,negative,bluetit (teams = 77)
tit,Alban-1-1-1,day14_measurer,Alban,observer,conclusive,negative,bluetit (teams = 77)
tit,Alban-2-2-1,hatch_nest_breed_ID,Alban,id,conclusive,negative,bluetit (teams = 77)
tit,Alban-2-2-1,hatch_Area,Alban,hatch_location,conclusive,negative,bluetit (teams = 77)
tit,Alban-2-2-1,hatch_Box,Alban,hatch_location,conclusive,negative,bluetit (teams = 77)
tit,Alban-2-2-1,rear_nest_breed_ID,Alban,id,conclusive,negative,bluetit (teams = 77)
tit,Alban-2-2-1,rear_Box,Alban,rear_location,conclusive,negative,bluetit (teams = 77)
tit,Alban-2-2-1,home_or_away,Alban,experimental_treatment,conclusive,negative,bluetit (teams = 77)
tit,Alban-2-2-1,rear_Cs_at_start_of_rearing,Alban,siblings,conclusive,negative,bluetit (teams = 77)
tit,Alban-2-2-1,Date_of_day14,Alban,date,conclusive,negative,bluetit (teams = 77)
tit,Alban-3-3-1,rear_nest_breed_ID,Alban,id,conclusive,negative,bluetit (teams = 77)
tit,Alban-3-3-1,rear_Box,Alban,rear_location,conclusive,negative,bluetit (teams = 77)
tit,Alban-3-3-1,rear_nest_trt,Alban,experimental_treatment,conclusive,negative,bluetit (teams = 77)
tit,Alban-3-3-1,number_chicks_fledged_from_rear_nest,Alban,survival,conclusive,negative,bluetit (teams = 77)
tit,Alban-3-3-1,Date_of_day14,Alban,date,conclusive,negative,bluetit (teams = 77)
tit,Alpha-1-1-1,hatch_Box,Alpha,hatch_location,qualified,none,bluetit (teams = 77)
tit,Alpha-1-1-1,rear_Box,Alpha,rear_location,qualified,none,bluetit (teams = 77)
tit,Appin-2-2-1,hatch_nest_breed_ID,Appin,id,conclusive,none,bluetit (teams = 77)
tit,Appin-2-2-1,d14_rear_nest_brood_size,Appin,siblings,conclusive,none,bluetit (teams = 77)
tit,Appin-1-1-1,hatch_nest_breed_ID,Appin,id,conclusive,none,bluetit (teams = 77)
tit,Appin-1-1-1,rear_d0_rear_nest_brood_size,Appin,siblings,conclusive,none,bluetit (teams = 77)
tit,Appin-4-4-1,hatch_nest_breed_ID,Appin,id,conclusive,none,bluetit (teams = 77)
tit,Appin-4-4-1,d14_rear_nest_brood_size,Appin,siblings,conclusive,none,bluetit (teams = 77)
tit,Appin-3-3-1,hatch_nest_breed_ID,Appin,id,conclusive,none,bluetit (teams = 77)
tit,Appin-3-3-1,rear_d0_rear_nest_brood_size,Appin,siblings,conclusive,none,bluetit (teams = 77)
tit,Aubur-3-3-1,hatch_year,Aubur,year,qualified,negative,bluetit (teams = 77)
tit,Aubur-3-3-1,hatch_mom_Ring,Aubur,parent,qualified,negative,bluetit (teams = 77)
tit,Aubur-3-3-1,rear_nest_breed_ID,Aubur,id,qualified,negative,bluetit (teams = 77)
tit,Aubur-3-3-1,home_or_away,Aubur,experimental_treatment,qualified,negative,bluetit (teams = 77)
tit,Aubur-3-3-1,rear_nest_OH,Aubur,date,qualified,negative,bluetit (teams = 77)
tit,Aubur-3-3-1,d14_rear_nest_brood_size,Aubur,siblings,qualified,negative,bluetit (teams = 77)
tit,Aubur-3-3-1,chick_sex_molec,Aubur,sex,qualified,negative,bluetit (teams = 77)
tit,Aubur-2-2-1,hatch_year,Aubur,year,qualified,negative,bluetit (teams = 77)
tit,Aubur-2-2-1,hatch_mom_Ring,Aubur,parent,qualified,negative,bluetit (teams = 77)
tit,Aubur-2-2-1,rear_nest_breed_ID,Aubur,id,qualified,negative,bluetit (teams = 77)
tit,Aubur-2-2-1,home_or_away,Aubur,experimental_treatment,qualified,negative,bluetit (teams = 77)
tit,Aubur-2-2-1,rear_nest_OH,Aubur,date,qualified,negative,bluetit (teams = 77)
tit,Aubur-2-2-1,d14_rear_nest_brood_size,Aubur,siblings,qualified,negative,bluetit (teams = 77)
tit,Aubur-2-2-1,day_14_tarsus_length,Aubur,tarsus,qualified,negative,bluetit (teams = 77)
tit,Aubur-2-2-1,chick_sex_molec,Aubur,sex,qualified,negative,bluetit (teams = 77)
tit,Aubur-1-1-1,hatch_year,Aubur,year,qualified,negative,bluetit (teams = 77)
tit,Aubur-1-1-1,hatch_mom_Ring,Aubur,parent,qualified,negative,bluetit (teams = 77)
tit,Aubur-1-1-1,rear_nest_breed_ID,Aubur,id,qualified,negative,bluetit (teams = 77)
tit,Aubur-1-1-1,home_or_away,Aubur,experimental_treatment,qualified,negative,bluetit (teams = 77)
tit,Aubur-1-1-1,rear_nest_OH,Aubur,date,qualified,negative,bluetit (teams = 77)
tit,Aubur-1-1-1,d14_rear_nest_brood_size,Aubur,siblings,qualified,negative,bluetit (teams = 77)
tit,Aubur-1-1-1,day_14_tarsus_length,Aubur,tarsus,qualified,negative,bluetit (teams = 77)
tit,Aubur-1-1-1,day_14_weight,Aubur,weight,qualified,negative,bluetit (teams = 77)
tit,Aubur-1-1-1,chick_sex_molec,Aubur,sex,qualified,negative,bluetit (teams = 77)
tit,Avoca-1-1-1,hatch_year,Avoca,year,qualified,negative,bluetit (teams = 77)
tit,Avoca-1-1-1,rear_nest_breed_ID,Avoca,id,qualified,negative,bluetit (teams = 77)
tit,Avoca-1-1-1,rear_nest_trt,Avoca,experimental_treatment,qualified,negative,bluetit (teams = 77)
tit,Avoca-1-1-1,home_or_away,Avoca,experimental_treatment,qualified,negative,bluetit (teams = 77)
tit,Avoca-1-1-1,chick_sex_molec,Avoca,sex,qualified,negative,bluetit (teams = 77)
tit,Bargo-1-1-1,hatch_year,Bargo,year,conclusive,negative,bluetit (teams = 77)
tit,Bargo-1-1-1,hatch_nest_breed_ID,Bargo,id,conclusive,negative,bluetit (teams = 77)
tit,Bargo-1-1-1,rear_nest_breed_ID,Bargo,id,conclusive,negative,bluetit (teams = 77)
tit,Bargo-1-1-1,rear_area,Bargo,rear_location,conclusive,negative,bluetit (teams = 77)
tit,Bargo-1-1-1,rear_mom_Ring,Bargo,parent,conclusive,negative,bluetit (teams = 77)
tit,Bargo-1-1-1,rear_nest_trt,Bargo,experimental_treatment,conclusive,negative,bluetit (teams = 77)
tit,Bargo-1-1-1,home_or_away,Bargo,experimental_treatment,conclusive,negative,bluetit (teams = 77)
tit,Bargo-1-1-1,rear_nest_OH,Bargo,date,conclusive,negative,bluetit (teams = 77)
tit,Bargo-1-1-1,rear_Cs_at_start_of_rearing,Bargo,siblings,conclusive,negative,bluetit (teams = 77)
tit,Bargo-1-1-1,day14_measurer,Bargo,observer,conclusive,negative,bluetit (teams = 77)
tit,Bargo-1-1-1,brood_mortality,Bargo,survival,conclusive,negative,bluetit (teams = 77)
tit,Bargo-3-3-1,hatch_year,Bargo,year,conclusive,negative,bluetit (teams = 77)
tit,Bargo-3-3-1,hatch_nest_breed_ID,Bargo,id,conclusive,negative,bluetit (teams = 77)
tit,Bargo-3-3-1,hatch_mom_Ring,Bargo,parent,conclusive,negative,bluetit (teams = 77)
tit,Bargo-3-3-1,genetic_dad_ring_(WP_or_EP),Bargo,parent,conclusive,negative,bluetit (teams = 77)
tit,Bargo-3-3-1,rear_nest_breed_ID,Bargo,id,conclusive,negative,bluetit (teams = 77)
tit,Bargo-3-3-1,rear_area,Bargo,rear_location,conclusive,negative,bluetit (teams = 77)
tit,Bargo-3-3-1,rear_mom_Ring,Bargo,parent,conclusive,negative,bluetit (teams = 77)
tit,Bargo-3-3-1,rear_dad_Ring,Bargo,parent,conclusive,negative,bluetit (teams = 77)
tit,Bargo-3-3-1,rear_nest_trt,Bargo,experimental_treatment,conclusive,negative,bluetit (teams = 77)
tit,Bargo-3-3-1,home_or_away,Bargo,experimental_treatment,conclusive,negative,bluetit (teams = 77)
tit,Bargo-3-3-1,rear_nest_OH,Bargo,date,conclusive,negative,bluetit (teams = 77)
tit,Bargo-3-3-1,rear_Cs_at_start_of_rearing,Bargo,siblings,conclusive,negative,bluetit (teams = 77)
tit,Bargo-3-3-1,day14_measurer,Bargo,observer,conclusive,negative,bluetit (teams = 77)
tit,Bargo-3-3-1,brood_mortality,Bargo,survival,conclusive,negative,bluetit (teams = 77)
tit,Bargo-2-2-1,hatch_year,Bargo,year,conclusive,negative,bluetit (teams = 77)
tit,Bargo-2-2-1,hatch_nest_breed_ID,Bargo,id,conclusive,negative,bluetit (teams = 77)
tit,Bargo-2-2-1,rear_nest_breed_ID,Bargo,id,conclusive,negative,bluetit (teams = 77)
tit,Bargo-2-2-1,rear_area,Bargo,rear_location,conclusive,negative,bluetit (teams = 77)
tit,Bargo-2-2-1,rear_mom_Ring,Bargo,parent,conclusive,negative,bluetit (teams = 77)
tit,Bargo-2-2-1,rear_nest_trt,Bargo,experimental_treatment,conclusive,negative,bluetit (teams = 77)
tit,Bargo-2-2-1,home_or_away,Bargo,experimental_treatment,conclusive,negative,bluetit (teams = 77)
tit,Bargo-2-2-1,rear_nest_OH,Bargo,date,conclusive,negative,bluetit (teams = 77)
tit,Bargo-2-2-1,rear_Cs_at_start_of_rearing,Bargo,siblings,conclusive,negative,bluetit (teams = 77)
tit,Bargo-2-2-1,brood_mortality,Bargo,survival,conclusive,negative,bluetit (teams = 77)
tit,Bargo-4-4-1,hatch_year,Bargo,year,conclusive,negative,bluetit (teams = 77)
tit,Bargo-4-4-1,hatch_nest_breed_ID,Bargo,id,conclusive,negative,bluetit (teams = 77)
tit,Bargo-4-4-1,hatch_mom_Ring,Bargo,parent,conclusive,negative,bluetit (teams = 77)
tit,Bargo-4-4-1,genetic_dad_ring_(WP_or_EP),Bargo,parent,conclusive,negative,bluetit (teams = 77)
tit,Bargo-4-4-1,rear_nest_breed_ID,Bargo,id,conclusive,negative,bluetit (teams = 77)
tit,Bargo-4-4-1,rear_area,Bargo,rear_location,conclusive,negative,bluetit (teams = 77)
tit,Bargo-4-4-1,rear_mom_Ring,Bargo,parent,conclusive,negative,bluetit (teams = 77)
tit,Bargo-4-4-1,rear_dad_Ring,Bargo,parent,conclusive,negative,bluetit (teams = 77)
tit,Bargo-4-4-1,rear_nest_trt,Bargo,experimental_treatment,conclusive,negative,bluetit (teams = 77)
tit,Bargo-4-4-1,home_or_away,Bargo,experimental_treatment,conclusive,negative,bluetit (teams = 77)
tit,Bargo-4-4-1,rear_nest_OH,Bargo,date,conclusive,negative,bluetit (teams = 77)
tit,Bargo-4-4-1,rear_Cs_at_start_of_rearing,Bargo,siblings,conclusive,negative,bluetit (teams = 77)
tit,Bargo-4-4-1,brood_mortality,Bargo,survival,conclusive,negative,bluetit (teams = 77)
tit,Berry-1-1-1,hatch_year,Berry,year,conclusive,negative,bluetit (teams = 77)
tit,Berry-1-1-1,rear_nest_breed_ID,Berry,id,conclusive,negative,bluetit (teams = 77)
tit,Berry-1-1-1,rear_area,Berry,rear_location,conclusive,negative,bluetit (teams = 77)
tit,Berry-1-1-1,rear_Box,Berry,rear_location,conclusive,negative,bluetit (teams = 77)
tit,Berry-1-1-1,rear_Cs_at_start_of_rearing,Berry,siblings,conclusive,negative,bluetit (teams = 77)
tit,Berry-1-1-1,day14_measurer,Berry,observer,conclusive,negative,bluetit (teams = 77)
tit,Berry-1-1-1,chick_sex_molec,Berry,sex,conclusive,negative,bluetit (teams = 77)
tit,Berry-1-1-1,parentage,Berry,parent,conclusive,negative,bluetit (teams = 77)
tit,Binda-2-2-2,rear_nest_breed_ID,Binda,id,conclusive,mixed,bluetit (teams = 77)
tit,Binda-2-2-2,rear_area,Binda,rear_location,conclusive,mixed,bluetit (teams = 77)
tit,Binda-2-2-2,rear_nest_trt,Binda,experimental_treatment,conclusive,mixed,bluetit (teams = 77)
tit,Binda-2-2-2,home_or_away,Binda,experimental_treatment,conclusive,mixed,bluetit (teams = 77)
tit,Binda-2-2-2,rear_nest_OH,Binda,date,conclusive,mixed,bluetit (teams = 77)
tit,Binda-2-2-2,rear_Cs_at_start_of_rearing,Binda,siblings,conclusive,mixed,bluetit (teams = 77)
tit,Binda-2-2-2,day14_measurer,Binda,observer,conclusive,mixed,bluetit (teams = 77)
tit,Binda-2-2-1,rear_nest_breed_ID,Binda,id,conclusive,mixed,bluetit (teams = 77)
tit,Binda-2-2-1,rear_area,Binda,rear_location,conclusive,mixed,bluetit (teams = 77)
tit,Binda-2-2-1,rear_nest_trt,Binda,experimental_treatment,conclusive,mixed,bluetit (teams = 77)
tit,Binda-2-2-1,home_or_away,Binda,experimental_treatment,conclusive,mixed,bluetit (teams = 77)
tit,Binda-2-2-1,rear_nest_OH,Binda,date,conclusive,mixed,bluetit (teams = 77)
tit,Binda-2-2-1,rear_Cs_at_start_of_rearing,Binda,siblings,conclusive,mixed,bluetit (teams = 77)
tit,Binda-2-2-1,day14_measurer,Binda,observer,conclusive,mixed,bluetit (teams = 77)
tit,Binda-1-1-1,hatch_year,Binda,year,conclusive,mixed,bluetit (teams = 77)
tit,Binda-1-1-1,rear_nest_breed_ID,Binda,id,conclusive,mixed,bluetit (teams = 77)
tit,Binda-1-1-1,rear_area,Binda,rear_location,conclusive,mixed,bluetit (teams = 77)
tit,Binda-1-1-1,rear_nest_trt,Binda,experimental_treatment,conclusive,mixed,bluetit (teams = 77)
tit,Binda-1-1-1,home_or_away,Binda,experimental_treatment,conclusive,mixed,bluetit (teams = 77)
tit,Binda-1-1-1,rear_nest_OH,Binda,date,conclusive,mixed,bluetit (teams = 77)
tit,Binda-1-1-1,rear_Cs_at_start_of_rearing,Binda,siblings,conclusive,mixed,bluetit (teams = 77)
tit,Binda-1-1-1,day14_measurer,Binda,observer,conclusive,mixed,bluetit (teams = 77)
tit,Binda-1-1-2,hatch_year,Binda,year,conclusive,mixed,bluetit (teams = 77)
tit,Binda-1-1-2,rear_nest_breed_ID,Binda,id,conclusive,mixed,bluetit (teams = 77)
tit,Binda-1-1-2,rear_area,Binda,rear_location,conclusive,mixed,bluetit (teams = 77)
tit,Binda-1-1-2,rear_nest_trt,Binda,experimental_treatment,conclusive,mixed,bluetit (teams = 77)
tit,Binda-1-1-2,home_or_away,Binda,experimental_treatment,conclusive,mixed,bluetit (teams = 77)
tit,Binda-1-1-2,rear_nest_OH,Binda,date,conclusive,mixed,bluetit (teams = 77)
tit,Binda-1-1-2,rear_Cs_at_start_of_rearing,Binda,siblings,conclusive,mixed,bluetit (teams = 77)
tit,Binda-1-1-2,day14_measurer,Binda,observer,conclusive,mixed,bluetit (teams = 77)
tit,Borde-1-1-1,hatch_year,Borde,year,qualified,negative,bluetit (teams = 77)
tit,Borde-1-1-1,hatch_nest_breed_ID,Borde,id,qualified,negative,bluetit (teams = 77)
tit,Borde-1-1-1,hatch_Area,Borde,hatch_location,qualified,negative,bluetit (teams = 77)
tit,Borde-1-1-1,hatch_Box,Borde,hatch_location,qualified,negative,bluetit (teams = 77)
tit,Borde-1-1-1,hatch_mom_Ring,Borde,parent,qualified,negative,bluetit (teams = 77)
tit,Borde-1-1-1,hatch_nest_dad_Ring,Borde,parent,qualified,negative,bluetit (teams = 77)
tit,Borde-1-1-1,rear_nest_breed_ID,Borde,id,qualified,negative,bluetit (teams = 77)
tit,Borde-1-1-1,rear_area,Borde,rear_location,qualified,negative,bluetit (teams = 77)
tit,Borde-1-1-1,rear_Box,Borde,rear_location,qualified,negative,bluetit (teams = 77)
tit,Borde-1-1-1,rear_mom_Ring,Borde,parent,qualified,negative,bluetit (teams = 77)
tit,Borde-1-1-1,rear_dad_Ring,Borde,parent,qualified,negative,bluetit (teams = 77)
tit,Borde-1-1-1,rear_nest_trt,Borde,experimental_treatment,qualified,negative,bluetit (teams = 77)
tit,Borde-1-1-1,home_or_away,Borde,experimental_treatment,qualified,negative,bluetit (teams = 77)
tit,Borde-1-1-1,rear_nest_OH,Borde,date,qualified,negative,bluetit (teams = 77)
tit,Borde-1-1-1,rear_Cs_at_start_of_rearing,Borde,siblings,qualified,negative,bluetit (teams = 77)
tit,Borde-1-1-1,d14_rear_nest_brood_size,Borde,siblings,qualified,negative,bluetit (teams = 77)
tit,Bowen-4-3-1,hatch_year,Bowen,year,qualified,negative,bluetit (teams = 77)
tit,Bowen-4-3-1,hatch_Area,Bowen,hatch_location,qualified,negative,bluetit (teams = 77)
tit,Bowen-4-3-1,hatch_mom_Ring,Bowen,parent,qualified,negative,bluetit (teams = 77)
tit,Bowen-4-3-1,Extra-pair_paternity,Bowen,parent,qualified,negative,bluetit (teams = 77)
tit,Bowen-4-3-1,rear_area,Bowen,rear_location,qualified,negative,bluetit (teams = 77)
tit,Bowen-4-3-1,rear_mom_Ring,Bowen,parent,qualified,negative,bluetit (teams = 77)
tit,Bowen-4-3-1,rear_dad_Ring,Bowen,parent,qualified,negative,bluetit (teams = 77)
tit,Bowen-4-3-1,rear_nest_trt,Bowen,experimental_treatment,qualified,negative,bluetit (teams = 77)
tit,Bowen-4-3-1,home_or_away,Bowen,experimental_treatment,qualified,negative,bluetit (teams = 77)
tit,Bowen-4-3-1,rear_nest_LD,Bowen,date,qualified,negative,bluetit (teams = 77)
tit,Bowen-4-3-1,rear_nest_CS,Bowen,siblings,qualified,negative,bluetit (teams = 77)
tit,Bowen-4-3-1,rear_Cs_at_start_of_rearing,Bowen,siblings,qualified,negative,bluetit (teams = 77)
tit,Bowen-4-3-1,day14_measurer,Bowen,observer,qualified,negative,bluetit (teams = 77)
tit,Bowen-4-3-1,chick_sex_molec,Bowen,sex,qualified,negative,bluetit (teams = 77)
tit,Bowen-4-3-1,rear_incub_length,Bowen,incubation,qualified,negative,bluetit (teams = 77)
tit,Bowen-4-3-2,hatch_year,Bowen,year,qualified,negative,bluetit (teams = 77)
tit,Bowen-4-3-2,hatch_Area,Bowen,hatch_location,qualified,negative,bluetit (teams = 77)
tit,Bowen-4-3-2,hatch_mom_Ring,Bowen,parent,qualified,negative,bluetit (teams = 77)
tit,Bowen-4-3-2,Extra-pair_paternity,Bowen,parent,qualified,negative,bluetit (teams = 77)
tit,Bowen-4-3-2,rear_area,Bowen,rear_location,qualified,negative,bluetit (teams = 77)
tit,Bowen-4-3-2,rear_mom_Ring,Bowen,parent,qualified,negative,bluetit (teams = 77)
tit,Bowen-4-3-2,rear_dad_Ring,Bowen,parent,qualified,negative,bluetit (teams = 77)
tit,Bowen-4-3-2,rear_nest_trt,Bowen,experimental_treatment,qualified,negative,bluetit (teams = 77)
tit,Bowen-4-3-2,home_or_away,Bowen,experimental_treatment,qualified,negative,bluetit (teams = 77)
tit,Bowen-4-3-2,rear_nest_LD,Bowen,date,qualified,negative,bluetit (teams = 77)
tit,Bowen-4-3-2,rear_nest_CS,Bowen,siblings,qualified,negative,bluetit (teams = 77)
tit,Bowen-4-3-2,rear_Cs_at_start_of_rearing,Bowen,siblings,qualified,negative,bluetit (teams = 77)
tit,Bowen-4-3-2,day14_measurer,Bowen,observer,qualified,negative,bluetit (teams = 77)
tit,Bowen-4-3-2,chick_sex_molec,Bowen,sex,qualified,negative,bluetit (teams = 77)
tit,Bowen-4-3-2,rear_incub_length,Bowen,incubation,qualified,negative,bluetit (teams = 77)
tit,Bowen-3-1-1,hatch_year,Bowen,year,qualified,negative,bluetit (teams = 77)
tit,Bowen-3-1-1,hatch_Area,Bowen,hatch_location,qualified,negative,bluetit (teams = 77)
tit,Bowen-3-1-1,hatch_mom_Ring,Bowen,parent,qualified,negative,bluetit (teams = 77)
tit,Bowen-3-1-1,Extra-pair_paternity,Bowen,parent,qualified,negative,bluetit (teams = 77)
tit,Bowen-3-1-1,hatch_nest_LD,Bowen,date,qualified,negative,bluetit (teams = 77)
tit,Bowen-3-1-1,rear_area,Bowen,rear_location,qualified,negative,bluetit (teams = 77)
tit,Bowen-3-1-1,rear_mom_Ring,Bowen,parent,qualified,negative,bluetit (teams = 77)
tit,Bowen-3-1-1,rear_nest_trt,Bowen,experimental_treatment,qualified,negative,bluetit (teams = 77)
tit,Bowen-3-1-1,home_or_away,Bowen,experimental_treatment,qualified,negative,bluetit (teams = 77)
tit,Bowen-3-1-1,rear_d0_rear_nest_brood_size,Bowen,siblings,qualified,negative,bluetit (teams = 77)
tit,Bowen-3-1-1,rear_Cs_at_start_of_rearing,Bowen,siblings,qualified,negative,bluetit (teams = 77)
tit,Bowen-3-1-1,day14_measurer,Bowen,observer,qualified,negative,bluetit (teams = 77)
tit,Bowen-3-1-1,chick_sex_molec,Bowen,sex,qualified,negative,bluetit (teams = 77)
tit,Bowen-3-1-2,hatch_year,Bowen,year,qualified,negative,bluetit (teams = 77)
tit,Bowen-3-1-2,hatch_Area,Bowen,hatch_location,qualified,negative,bluetit (teams = 77)
tit,Bowen-3-1-2,hatch_mom_Ring,Bowen,parent,qualified,negative,bluetit (teams = 77)
tit,Bowen-3-1-2,Extra-pair_paternity,Bowen,parent,qualified,negative,bluetit (teams = 77)
tit,Bowen-3-1-2,hatch_nest_LD,Bowen,date,qualified,negative,bluetit (teams = 77)
tit,Bowen-3-1-2,rear_area,Bowen,rear_location,qualified,negative,bluetit (teams = 77)
tit,Bowen-3-1-2,rear_mom_Ring,Bowen,parent,qualified,negative,bluetit (teams = 77)
tit,Bowen-3-1-2,rear_nest_trt,Bowen,experimental_treatment,qualified,negative,bluetit (teams = 77)
tit,Bowen-3-1-2,home_or_away,Bowen,experimental_treatment,qualified,negative,bluetit (teams = 77)
tit,Bowen-3-1-2,rear_d0_rear_nest_brood_size,Bowen,siblings,qualified,negative,bluetit (teams = 77)
tit,Bowen-3-1-2,rear_Cs_at_start_of_rearing,Bowen,siblings,qualified,negative,bluetit (teams = 77)
tit,Bowen-3-1-2,day14_measurer,Bowen,observer,qualified,negative,bluetit (teams = 77)
tit,Bowen-3-1-2,chick_sex_molec,Bowen,sex,qualified,negative,bluetit (teams = 77)
tit,Bowen-2-2-1,hatch_year,Bowen,year,qualified,negative,bluetit (teams = 77)
tit,Bowen-2-2-1,hatch_Area,Bowen,hatch_location,qualified,negative,bluetit (teams = 77)
tit,Bowen-2-2-1,hatch_mom_Ring,Bowen,parent,qualified,negative,bluetit (teams = 77)
tit,Bowen-2-2-1,Extra-pair_paternity,Bowen,parent,qualified,negative,bluetit (teams = 77)
tit,Bowen-2-2-1,hatch_nest_LD,Bowen,date,qualified,negative,bluetit (teams = 77)
tit,Bowen-2-2-1,hatch_nest_CS,Bowen,hatch_siblings,qualified,negative,bluetit (teams = 77)
tit,Bowen-2-2-1,rear_area,Bowen,rear_location,qualified,negative,bluetit (teams = 77)
tit,Bowen-2-2-1,rear_mom_Ring,Bowen,parent,qualified,negative,bluetit (teams = 77)
tit,Bowen-2-2-1,rear_dad_Ring,Bowen,parent,qualified,negative,bluetit (teams = 77)
tit,Bowen-2-2-1,rear_nest_trt,Bowen,experimental_treatment,qualified,negative,bluetit (teams = 77)
tit,Bowen-2-2-1,home_or_away,Bowen,experimental_treatment,qualified,negative,bluetit (teams = 77)
tit,Bowen-2-2-1,rear_Cs_at_start_of_rearing,Bowen,siblings,qualified,negative,bluetit (teams = 77)
tit,Bowen-2-2-1,day14_measurer,Bowen,observer,qualified,negative,bluetit (teams = 77)
tit,Bowen-2-2-1,chick_sex_molec,Bowen,sex,qualified,negative,bluetit (teams = 77)
tit,Bowen-2-2-1,hatch_incub_length,Bowen,incubation,qualified,negative,bluetit (teams = 77)
tit,Bowen-2-2-2,hatch_year,Bowen,year,qualified,negative,bluetit (teams = 77)
tit,Bowen-2-2-2,hatch_Area,Bowen,hatch_location,qualified,negative,bluetit (teams = 77)
tit,Bowen-2-2-2,hatch_mom_Ring,Bowen,parent,qualified,negative,bluetit (teams = 77)
tit,Bowen-2-2-2,Extra-pair_paternity,Bowen,parent,qualified,negative,bluetit (teams = 77)
tit,Bowen-2-2-2,hatch_nest_LD,Bowen,date,qualified,negative,bluetit (teams = 77)
tit,Bowen-2-2-2,hatch_nest_CS,Bowen,hatch_siblings,qualified,negative,bluetit (teams = 77)
tit,Bowen-2-2-2,rear_area,Bowen,rear_location,qualified,negative,bluetit (teams = 77)
tit,Bowen-2-2-2,rear_mom_Ring,Bowen,parent,qualified,negative,bluetit (teams = 77)
tit,Bowen-2-2-2,rear_dad_Ring,Bowen,parent,qualified,negative,bluetit (teams = 77)
tit,Bowen-2-2-2,rear_nest_trt,Bowen,experimental_treatment,qualified,negative,bluetit (teams = 77)
tit,Bowen-2-2-2,home_or_away,Bowen,experimental_treatment,qualified,negative,bluetit (teams = 77)
tit,Bowen-2-2-2,rear_Cs_at_start_of_rearing,Bowen,siblings,qualified,negative,bluetit (teams = 77)
tit,Bowen-2-2-2,day14_measurer,Bowen,observer,qualified,negative,bluetit (teams = 77)
tit,Bowen-2-2-2,chick_sex_molec,Bowen,sex,qualified,negative,bluetit (teams = 77)
tit,Bowen-2-2-2,hatch_incub_length,Bowen,incubation,qualified,negative,bluetit (teams = 77)
tit,Bulli-1-1-2,hatch_year,Bulli,year,qualified,negative,bluetit (teams = 77)
tit,Bulli-1-1-2,hatch_nest_breed_ID,Bulli,id,qualified,negative,bluetit (teams = 77)
tit,Bulli-1-1-2,hatch_nest_LD,Bulli,date,qualified,negative,bluetit (teams = 77)
tit,Bulli-1-1-2,hatch_nest_CS,Bulli,hatch_siblings,qualified,negative,bluetit (teams = 77)
tit,Bulli-1-1-2,rear_nest_breed_ID,Bulli,id,qualified,negative,bluetit (teams = 77)
tit,Bulli-1-1-2,rear_nest_trt,Bulli,experimental_treatment,qualified,negative,bluetit (teams = 77)
tit,Bulli-1-1-2,chick_sex_molec,Bulli,sex,qualified,negative,bluetit (teams = 77)
tit,Bulli-1-2-2,hatch_year,Bulli,year,qualified,negative,bluetit (teams = 77)
tit,Bulli-1-2-2,hatch_nest_breed_ID,Bulli,id,qualified,negative,bluetit (teams = 77)
tit,Bulli-1-2-2,hatch_nest_LD,Bulli,date,qualified,negative,bluetit (teams = 77)
tit,Bulli-1-2-2,hatch_nest_CS,Bulli,hatch_siblings,qualified,negative,bluetit (teams = 77)
tit,Bulli-1-2-2,rear_nest_breed_ID,Bulli,id,qualified,negative,bluetit (teams = 77)
tit,Bulli-1-2-2,rear_nest_trt,Bulli,experimental_treatment,qualified,negative,bluetit (teams = 77)
tit,Bulli-1-2-2,chick_sex_molec,Bulli,sex,qualified,negative,bluetit (teams = 77)
tit,Bulli-1-1-1,hatch_year,Bulli,year,qualified,negative,bluetit (teams = 77)
tit,Bulli-1-1-1,hatch_nest_breed_ID,Bulli,id,qualified,negative,bluetit (teams = 77)
tit,Bulli-1-1-1,hatch_nest_LD,Bulli,date,qualified,negative,bluetit (teams = 77)
tit,Bulli-1-1-1,hatch_nest_CS,Bulli,hatch_siblings,qualified,negative,bluetit (teams = 77)
tit,Bulli-1-1-1,rear_nest_breed_ID,Bulli,id,qualified,negative,bluetit (teams = 77)
tit,Bulli-1-1-1,rear_nest_trt,Bulli,experimental_treatment,qualified,negative,bluetit (teams = 77)
tit,Bulli-1-1-1,chick_sex_molec,Bulli,sex,qualified,negative,bluetit (teams = 77)
tit,Bulli-1-2-1,hatch_year,Bulli,year,qualified,negative,bluetit (teams = 77)
tit,Bulli-1-2-1,hatch_nest_breed_ID,Bulli,id,qualified,negative,bluetit (teams = 77)
tit,Bulli-1-2-1,hatch_nest_LD,Bulli,date,qualified,negative,bluetit (teams = 77)
tit,Bulli-1-2-1,hatch_nest_CS,Bulli,hatch_siblings,qualified,negative,bluetit (teams = 77)
tit,Bulli-1-2-1,rear_nest_breed_ID,Bulli,id,qualified,negative,bluetit (teams = 77)
tit,Bulli-1-2-1,rear_nest_trt,Bulli,experimental_treatment,qualified,negative,bluetit (teams = 77)
tit,Bulli-1-2-1,chick_sex_molec,Bulli,sex,qualified,negative,bluetit (teams = 77)
tit,Cedun-1-1-1,hatch_nest_CS,Cedun,hatch_siblings,conclusive,negative,bluetit (teams = 77)
tit,Cedun-1-1-1,rear_Box,Cedun,rear_location,conclusive,negative,bluetit (teams = 77)
tit,Cedun-1-1-1,home_or_away,Cedun,experimental_treatment,conclusive,negative,bluetit (teams = 77)
tit,Cedun-1-1-1,d14_rear_nest_brood_size,Cedun,siblings,conclusive,negative,bluetit (teams = 77)
tit,Cedun-1-1-1,day_14_tarsus_length,Cedun,tarsus,conclusive,negative,bluetit (teams = 77)
tit,Cedun-1-1-1,day_14_weight,Cedun,weight,conclusive,negative,bluetit (teams = 77)
tit,Cedun-1-1-1,chick_sex_molec,Cedun,sex,conclusive,negative,bluetit (teams = 77)
tit,Albury-2-2-1,hatch_year,Albury,year,conclusive,negative,bluetit (teams = 77)
tit,Albury-2-2-1,hatch_Area,Albury,hatch_location,conclusive,negative,bluetit (teams = 77)
tit,Albury-2-2-1,hatch_mom_Ring,Albury,parent,conclusive,negative,bluetit (teams = 77)
tit,Albury-2-2-1,genetic_dad_ring_(WP_or_EP),Albury,parent,conclusive,negative,bluetit (teams = 77)
tit,Albury-2-2-1,hatch_nest_LD,Albury,date,conclusive,negative,bluetit (teams = 77)
tit,Albury-2-2-1,hatch_nest_CS,Albury,hatch_siblings,conclusive,negative,bluetit (teams = 77)
tit,Albury-2-2-1,rear_area,Albury,rear_location,conclusive,negative,bluetit (teams = 77)
tit,Albury-2-2-1,rear_Box,Albury,rear_location,conclusive,negative,bluetit (teams = 77)
tit,Albury-2-2-1,rear_mom_Ring,Albury,parent,conclusive,negative,bluetit (teams = 77)
tit,Albury-2-2-1,rear_dad_Ring,Albury,parent,conclusive,negative,bluetit (teams = 77)
tit,Albury-2-2-1,home_or_away,Albury,experimental_treatment,conclusive,negative,bluetit (teams = 77)
tit,Albury-2-2-1,rear_d0_rear_nest_brood_size,Albury,siblings,conclusive,negative,bluetit (teams = 77)
tit,Albury-2-2-1,net_rearing_manipulation,Albury,experimental_treatment,conclusive,negative,bluetit (teams = 77)
tit,Albury-2-2-1,d14_rear_nest_brood_size,Albury,siblings,conclusive,negative,bluetit (teams = 77)
tit,Albury-2-2-1,day14_measurer,Albury,observer,conclusive,negative,bluetit (teams = 77)
tit,Albury-2-2-1,chick_sex_molec,Albury,sex,conclusive,negative,bluetit (teams = 77)
tit,Albury-1-1-1,hatch_year,Albury,year,conclusive,negative,bluetit (teams = 77)
tit,Albury-1-1-1,hatch_Area,Albury,hatch_location,conclusive,negative,bluetit (teams = 77)
tit,Albury-1-1-1,hatch_mom_Ring,Albury,parent,conclusive,negative,bluetit (teams = 77)
tit,Albury-1-1-1,genetic_dad_ring_(WP_or_EP),Albury,parent,conclusive,negative,bluetit (teams = 77)
tit,Albury-1-1-1,hatch_nest_LD,Albury,date,conclusive,negative,bluetit (teams = 77)
tit,Albury-1-1-1,hatch_nest_CS,Albury,hatch_siblings,conclusive,negative,bluetit (teams = 77)
tit,Albury-1-1-1,rear_area,Albury,rear_location,conclusive,negative,bluetit (teams = 77)
tit,Albury-1-1-1,rear_Box,Albury,rear_location,conclusive,negative,bluetit (teams = 77)
tit,Albury-1-1-1,rear_mom_Ring,Albury,parent,conclusive,negative,bluetit (teams = 77)
tit,Albury-1-1-1,rear_dad_Ring,Albury,parent,conclusive,negative,bluetit (teams = 77)
tit,Albury-1-1-1,home_or_away,Albury,experimental_treatment,conclusive,negative,bluetit (teams = 77)
tit,Albury-1-1-1,rear_d0_rear_nest_brood_size,Albury,siblings,conclusive,negative,bluetit (teams = 77)
tit,Albury-1-1-1,net_rearing_manipulation,Albury,experimental_treatment,conclusive,negative,bluetit (teams = 77)
tit,Albury-1-1-1,d14_rear_nest_brood_size,Albury,siblings,conclusive,negative,bluetit (teams = 77)
tit,Albury-1-1-1,day14_measurer,Albury,observer,conclusive,negative,bluetit (teams = 77)
tit,Albury-1-1-1,chick_sex_molec,Albury,sex,conclusive,negative,bluetit (teams = 77)
tit,Aldgat-2-2-1,hatch_year,Aldgat,year,qualified,mixed,bluetit (teams = 77)
tit,Aldgat-2-2-1,hatch_nest_breed_ID,Aldgat,id,qualified,mixed,bluetit (teams = 77)
tit,Aldgat-2-2-1,hatch_nest_OH,Aldgat,date,qualified,mixed,bluetit (teams = 77)
tit,Aldgat-2-2-1,d0_hatch_nest_brood_size,Aldgat,hatch_siblings,qualified,mixed,bluetit (teams = 77)
tit,Aldgat-2-2-1,rear_nest_breed_ID,Aldgat,id,qualified,mixed,bluetit (teams = 77)
tit,Aldgat-2-2-1,home_or_away,Aldgat,experimental_treatment,qualified,mixed,bluetit (teams = 77)
tit,Aldgat-2-2-1,rear_Cs_at_start_of_rearing,Aldgat,siblings,qualified,mixed,bluetit (teams = 77)
tit,Aldgat-1-1-1,hatch_year,Aldgat,year,qualified,mixed,bluetit (teams = 77)
tit,Aldgat-1-1-1,hatch_nest_breed_ID,Aldgat,id,qualified,mixed,bluetit (teams = 77)
tit,Aldgat-1-1-1,hatch_nest_OH,Aldgat,date,qualified,mixed,bluetit (teams = 77)
tit,Aldgat-1-1-1,d0_hatch_nest_brood_size,Aldgat,hatch_siblings,qualified,mixed,bluetit (teams = 77)
tit,Aldgat-1-1-1,rear_nest_breed_ID,Aldgat,id,qualified,mixed,bluetit (teams = 77)
tit,Aldgat-1-1-1,home_or_away,Aldgat,experimental_treatment,qualified,mixed,bluetit (teams = 77)
tit,Aldgat-1-1-1,rear_Cs_at_start_of_rearing,Aldgat,siblings,qualified,mixed,bluetit (teams = 77)
tit,Alding-1-1-1,rear_nest_trt,Alding,experimental_treatment,conclusive,negative,bluetit (teams = 77)
tit,Alding-1-1-1,home_or_away,Alding,experimental_treatment,conclusive,negative,bluetit (teams = 77)
tit,Alding-1-1-1,seasonal_timing,Alding,date,conclusive,negative,bluetit (teams = 77)
tit,Allora-1-1-1,hatch_year,Allora,year,conclusive,negative,bluetit (teams = 77)
tit,Allora-1-1-1,hatch_nest_LD,Allora,date,conclusive,negative,bluetit (teams = 77)
tit,Allora-1-1-1,rear_nest_breed_ID,Allora,id,conclusive,negative,bluetit (teams = 77)
tit,Allora-1-1-1,rear_area,Allora,rear_location,conclusive,negative,bluetit (teams = 77)
tit,Allora-1-1-1,rear_Cs_at_start_of_rearing,Allora,siblings,conclusive,negative,bluetit (teams = 77)
tit,Allora-1-1-1,day14_measurer,Allora,observer,conclusive,negative,bluetit (teams = 77)
tit,Allora-1-1-1,chick_sex_molec,Allora,sex,conclusive,negative,bluetit (teams = 77)
tit,Bell-3-8-1,hatch_nest_breed_ID,Bell,id,conclusive,negative,bluetit (teams = 77)
tit,Bell-3-8-1,hatch_nest_LD,Bell,date,conclusive,negative,bluetit (teams = 77)
tit,Bell-3-8-1,rear_nest_breed_ID,Bell,id,conclusive,negative,bluetit (teams = 77)
tit,Bell-3-8-1,rear_area,Bell,rear_location,conclusive,negative,bluetit (teams = 77)
tit,Bell-3-8-1,d14_rear_nest_brood_size,Bell,siblings,conclusive,negative,bluetit (teams = 77)
tit,Bell-3-8-1,Date_of_day14,Bell,date,conclusive,negative,bluetit (teams = 77)
tit,Bell-3-8-1,day14_measurer,Bell,observer,conclusive,negative,bluetit (teams = 77)
tit,Bell-2-7-1,hatch_nest_breed_ID,Bell,id,conclusive,negative,bluetit (teams = 77)
tit,Bell-2-7-1,hatch_nest_LD,Bell,date,conclusive,negative,bluetit (teams = 77)
tit,Bell-2-7-1,rear_nest_breed_ID,Bell,id,conclusive,negative,bluetit (teams = 77)
tit,Bell-2-7-1,rear_area,Bell,rear_location,conclusive,negative,bluetit (teams = 77)
tit,Bell-2-7-1,rear_d0_rear_nest_brood_size,Bell,siblings,conclusive,negative,bluetit (teams = 77)
tit,Bell-2-7-1,Date_of_day14,Bell,date,conclusive,negative,bluetit (teams = 77)
tit,Bell-2-7-1,day14_measurer,Bell,observer,conclusive,negative,bluetit (teams = 77)
tit,Bell-1-6-1,hatch_nest_breed_ID,Bell,id,conclusive,negative,bluetit (teams = 77)
tit,Bell-1-6-1,hatch_nest_LD,Bell,date,conclusive,negative,bluetit (teams = 77)
tit,Bell-1-6-1,rear_nest_breed_ID,Bell,id,conclusive,negative,bluetit (teams = 77)
tit,Bell-1-6-1,rear_area,Bell,rear_location,conclusive,negative,bluetit (teams = 77)
tit,Bell-1-6-1,net_rearing_manipulation,Bell,experimental_treatment,conclusive,negative,bluetit (teams = 77)
tit,Bell-1-6-1,Date_of_day14,Bell,date,conclusive,negative,bluetit (teams = 77)
tit,Bell-1-6-1,day14_measurer,Bell,observer,conclusive,negative,bluetit (teams = 77)
tit,Aramac-1-1-1,hatch_year,Aramac,year,qualified,negative,bluetit (teams = 77)
tit,Aramac-1-1-1,hatch_nest_breed_ID,Aramac,id,qualified,negative,bluetit (teams = 77)
tit,Aramac-1-1-1,rear_nest_breed_ID,Aramac,id,qualified,negative,bluetit (teams = 77)
tit,Aramac-1-1-1,rear_area,Aramac,rear_location,qualified,negative,bluetit (teams = 77)
tit,Aramac-1-1-1,rear_nest_trt,Aramac,experimental_treatment,qualified,negative,bluetit (teams = 77)
tit,Aramac-1-1-1,home_or_away,Aramac,experimental_treatment,qualified,negative,bluetit (teams = 77)
tit,Aramac-1-1-1,rear_nest_OH,Aramac,date,qualified,negative,bluetit (teams = 77)
tit,Aramac-1-1-1,d14_rear_nest_brood_size,Aramac,siblings,qualified,negative,bluetit (teams = 77)
tit,Aramac-1-1-2,hatch_year,Aramac,year,qualified,negative,bluetit (teams = 77)
tit,Aramac-1-1-2,hatch_nest_breed_ID,Aramac,id,qualified,negative,bluetit (teams = 77)
tit,Aramac-1-1-2,rear_nest_breed_ID,Aramac,id,qualified,negative,bluetit (teams = 77)
tit,Aramac-1-1-2,rear_area,Aramac,rear_location,qualified,negative,bluetit (teams = 77)
tit,Aramac-1-1-2,rear_nest_trt,Aramac,experimental_treatment,qualified,negative,bluetit (teams = 77)
tit,Aramac-1-1-2,home_or_away,Aramac,experimental_treatment,qualified,negative,bluetit (teams = 77)
tit,Aramac-1-1-2,rear_nest_OH,Aramac,date,qualified,negative,bluetit (teams = 77)
tit,Aramac-1-1-2,d14_rear_nest_brood_size,Aramac,siblings,qualified,negative,bluetit (teams = 77)
tit,Ararat-2-2-1,hatch_year,Ararat,year,irrelevant,irrelevant,bluetit (teams = 77)
tit,Ararat-2-2-1,hatch_nest_breed_ID,Ararat,id,irrelevant,irrelevant,bluetit (teams = 77)
tit,Ararat-2-2-1,hatch_nest_OH,Ararat,date,irrelevant,irrelevant,bluetit (teams = 77)
tit,Ararat-2-2-1,rear_nest_breed_ID,Ararat,id,irrelevant,irrelevant,bluetit (teams = 77)
tit,Ararat-2-2-1,rear_area,Ararat,rear_location,irrelevant,irrelevant,bluetit (teams = 77)
tit,Ararat-2-2-1,home_or_away,Ararat,experimental_treatment,irrelevant,irrelevant,bluetit (teams = 77)
tit,Ararat-2-2-1,net_rearing_manipulation,Ararat,experimental_treatment,irrelevant,irrelevant,bluetit (teams = 77)
tit,Ararat-2-2-1,day14_measurer,Ararat,observer,irrelevant,irrelevant,bluetit (teams = 77)
tit,Ararat-2-2-1,chick_sex_molec,Ararat,sex,irrelevant,irrelevant,bluetit (teams = 77)
tit,Ararat-3-3-1,hatch_year,Ararat,year,irrelevant,irrelevant,bluetit (teams = 77)
tit,Ararat-3-3-1,hatch_nest_breed_ID,Ararat,id,irrelevant,irrelevant,bluetit (teams = 77)
tit,Ararat-3-3-1,hatch_nest_OH,Ararat,date,irrelevant,irrelevant,bluetit (teams = 77)
tit,Ararat-3-3-1,rear_nest_breed_ID,Ararat,id,irrelevant,irrelevant,bluetit (teams = 77)
tit,Ararat-3-3-1,rear_area,Ararat,rear_location,irrelevant,irrelevant,bluetit (teams = 77)
tit,Ararat-3-3-1,home_or_away,Ararat,experimental_treatment,irrelevant,irrelevant,bluetit (teams = 77)
tit,Ararat-3-3-1,rear_Cs_at_start_of_rearing,Ararat,siblings,irrelevant,irrelevant,bluetit (teams = 77)
tit,Ararat-3-3-1,day14_measurer,Ararat,observer,irrelevant,irrelevant,bluetit (teams = 77)
tit,Ararat-3-3-1,chick_sex_molec,Ararat,sex,irrelevant,irrelevant,bluetit (teams = 77)
tit,Ararat-1-1-1,hatch_year,Ararat,year,irrelevant,irrelevant,bluetit (teams = 77)
tit,Ararat-1-1-1,hatch_nest_breed_ID,Ararat,id,irrelevant,irrelevant,bluetit (teams = 77)
tit,Ararat-1-1-1,hatch_nest_OH,Ararat,date,irrelevant,irrelevant,bluetit (teams = 77)
tit,Ararat-1-1-1,rear_nest_breed_ID,Ararat,id,irrelevant,irrelevant,bluetit (teams = 77)
tit,Ararat-1-1-1,rear_area,Ararat,rear_location,irrelevant,irrelevant,bluetit (teams = 77)
tit,Ararat-1-1-1,rear_nest_trt,Ararat,experimental_treatment,irrelevant,irrelevant,bluetit (teams = 77)
tit,Ararat-1-1-1,home_or_away,Ararat,experimental_treatment,irrelevant,irrelevant,bluetit (teams = 77)
tit,Ararat-1-1-1,day14_measurer,Ararat,observer,irrelevant,irrelevant,bluetit (teams = 77)
tit,Ararat-1-1-1,chick_sex_molec,Ararat,sex,irrelevant,irrelevant,bluetit (teams = 77)
tit,Ararat-1-1-2,hatch_year,Ararat,year,irrelevant,irrelevant,bluetit (teams = 77)
tit,Ararat-1-1-2,hatch_nest_breed_ID,Ararat,id,irrelevant,irrelevant,bluetit (teams = 77)
tit,Ararat-1-1-2,hatch_nest_OH,Ararat,date,irrelevant,irrelevant,bluetit (teams = 77)
tit,Ararat-1-1-2,rear_nest_breed_ID,Ararat,id,irrelevant,irrelevant,bluetit (teams = 77)
tit,Ararat-1-1-2,rear_area,Ararat,rear_location,irrelevant,irrelevant,bluetit (teams = 77)
tit,Ararat-1-1-2,rear_nest_trt,Ararat,experimental_treatment,irrelevant,irrelevant,bluetit (teams = 77)
tit,Ararat-1-1-2,home_or_away,Ararat,experimental_treatment,irrelevant,irrelevant,bluetit (teams = 77)
tit,Ararat-1-1-2,day14_measurer,Ararat,observer,irrelevant,irrelevant,bluetit (teams = 77)
tit,Ararat-1-1-2,chick_sex_molec,Ararat,sex,irrelevant,irrelevant,bluetit (teams = 77)
tit,August-2-2-1,hatch_year,August,year,conclusive,negative,bluetit (teams = 77)
tit,August-2-2-1,hatch_nest_breed_ID,August,id,conclusive,negative,bluetit (teams = 77)
tit,August-2-2-1,rear_nest_breed_ID,August,id,conclusive,negative,bluetit (teams = 77)
tit,August-2-2-1,rear_nest_trt,August,experimental_treatment,conclusive,negative,bluetit (teams = 77)
tit,August-1-1-1,hatch_year,August,year,conclusive,negative,bluetit (teams = 77)
tit,August-1-1-1,hatch_nest_breed_ID,August,id,conclusive,negative,bluetit (teams = 77)
tit,August-1-1-1,rear_nest_breed_ID,August,id,conclusive,negative,bluetit (teams = 77)
tit,August-1-1-1,rear_nest_trt,August,experimental_treatment,conclusive,negative,bluetit (teams = 77)
tit,Avenel-1-2-1,hatch_Area,Avenel,hatch_location,qualified,negative,bluetit (teams = 77)
tit,Avenel-1-2-1,rear_nest_breed_ID,Avenel,id,qualified,negative,bluetit (teams = 77)
tit,Avenel-1-2-1,rear_area,Avenel,rear_location,qualified,negative,bluetit (teams = 77)
tit,Avenel-1-2-1,rear_nest_trt,Avenel,experimental_treatment,qualified,negative,bluetit (teams = 77)
tit,Avenel-1-2-1,rear_Cs_at_start_of_rearing,Avenel,siblings,qualified,negative,bluetit (teams = 77)
tit,Avenel-2-1-1,hatch_Area,Avenel,hatch_location,qualified,negative,bluetit (teams = 77)
tit,Avenel-2-1-1,rear_nest_breed_ID,Avenel,id,qualified,negative,bluetit (teams = 77)
tit,Avenel-2-1-1,rear_area,Avenel,rear_location,qualified,negative,bluetit (teams = 77)
tit,Avenel-2-1-1,rear_nest_trt,Avenel,experimental_treatment,qualified,negative,bluetit (teams = 77)
tit,Avenel-2-1-1,rear_Cs_at_start_of_rearing,Avenel,siblings,qualified,negative,bluetit (teams = 77)
tit,Avenel-2-1-2,hatch_Area,Avenel,hatch_location,qualified,negative,bluetit (teams = 77)
tit,Avenel-2-1-2,rear_nest_breed_ID,Avenel,id,qualified,negative,bluetit (teams = 77)
tit,Avenel-2-1-2,rear_area,Avenel,rear_location,qualified,negative,bluetit (teams = 77)
tit,Avenel-2-1-2,rear_nest_trt,Avenel,experimental_treatment,qualified,negative,bluetit (teams = 77)
tit,Avenel-2-1-2,rear_Cs_at_start_of_rearing,Avenel,siblings,qualified,negative,bluetit (teams = 77)
tit,Bamaga-1-1-1,hatch_year,Bamaga,year,qualified,negative,bluetit (teams = 77)
tit,Bamaga-1-1-1,hatch_nest_breed_ID,Bamaga,id,qualified,negative,bluetit (teams = 77)
tit,Bamaga-1-1-1,hatch_Area,Bamaga,hatch_location,qualified,negative,bluetit (teams = 77)
tit,Bamaga-1-1-1,hatch_Box,Bamaga,hatch_location,qualified,negative,bluetit (teams = 77)
tit,Bamaga-1-1-1,hatch_mom_Ring,Bamaga,parent,qualified,negative,bluetit (teams = 77)
tit,Bamaga-1-1-1,rear_nest_breed_ID,Bamaga,id,qualified,negative,bluetit (teams = 77)
tit,Bamaga-1-1-1,rear_area,Bamaga,rear_location,qualified,negative,bluetit (teams = 77)
tit,Bamaga-1-1-1,rear_Box,Bamaga,rear_location,qualified,negative,bluetit (teams = 77)
tit,Bamaga-1-1-1,rear_mom_Ring,Bamaga,parent,qualified,negative,bluetit (teams = 77)
tit,Bamaga-1-1-1,rear_nest_trt,Bamaga,experimental_treatment,qualified,negative,bluetit (teams = 77)
tit,Bamaga-1-1-1,home_or_away,Bamaga,experimental_treatment,qualified,negative,bluetit (teams = 77)
tit,Bamaga-1-1-1,d14_rear_nest_brood_size,Bamaga,siblings,qualified,negative,bluetit (teams = 77)
tit,Bamaga-1-1-1,Date_of_day14,Bamaga,date,qualified,negative,bluetit (teams = 77)
tit,Bamaga-1-1-1,day14_measurer,Bamaga,observer,qualified,negative,bluetit (teams = 77)
tit,Barmah-1-1-1,hatch_nest_CS,Barmah,hatch_siblings,qualified,negative,bluetit (teams = 77)
tit,Barmah-1-1-1,rear_area,Barmah,rear_location,qualified,negative,bluetit (teams = 77)
tit,Barmah-1-1-1,rear_Box,Barmah,rear_location,qualified,negative,bluetit (teams = 77)
tit,Barmah-1-1-1,home_or_away,Barmah,experimental_treatment,qualified,negative,bluetit (teams = 77)
tit,Barmah-1-1-1,rear_nest_LD,Barmah,date,qualified,negative,bluetit (teams = 77)
tit,Barmah-1-1-1,net_rearing_manipulation,Barmah,experimental_treatment,qualified,negative,bluetit (teams = 77)
tit,Barmer-1-1-1,hatch_year,Barmer,year,conclusive,negative,bluetit (teams = 77)
tit,Barmer-1-1-1,hatch_nest_breed_ID,Barmer,id,conclusive,negative,bluetit (teams = 77)
tit,Barmer-1-1-1,genetic_dad_ring_(WP_or_EP),Barmer,parent,conclusive,negative,bluetit (teams = 77)
tit,Barmer-1-1-1,rear_nest_breed_ID,Barmer,id,conclusive,negative,bluetit (teams = 77)
tit,Barmer-1-1-1,rear_area,Barmer,rear_location,conclusive,negative,bluetit (teams = 77)
tit,Barmer-1-1-1,home_or_away,Barmer,experimental_treatment,conclusive,negative,bluetit (teams = 77)
tit,Barmer-1-1-1,rear_nest_OH,Barmer,date,conclusive,negative,bluetit (teams = 77)
tit,Barmer-1-1-1,rear_d0_rear_nest_brood_size,Barmer,siblings,conclusive,negative,bluetit (teams = 77)
tit,Barmer-1-1-1,net_rearing_manipulation,Barmer,experimental_treatment,conclusive,negative,bluetit (teams = 77)
tit,Barmer-1-1-1,chick_sex_molec,Barmer,sex,conclusive,negative,bluetit (teams = 77)
tit,Batlow-1-1-1,hatch_year,Batlow,year,qualified,negative,bluetit (teams = 77)
tit,Batlow-1-1-1,rear_nest_breed_ID,Batlow,id,qualified,negative,bluetit (teams = 77)
tit,Batlow-1-1-1,rear_area,Batlow,rear_location,qualified,negative,bluetit (teams = 77)
tit,Batlow-1-1-1,rear_nest_trt,Batlow,experimental_treatment,qualified,negative,bluetit (teams = 77)
tit,Batlow-1-1-1,home_or_away,Batlow,experimental_treatment,qualified,negative,bluetit (teams = 77)
tit,Batlow-1-1-1,rear_nest_OH,Batlow,date,qualified,negative,bluetit (teams = 77)
tit,Batlow-1-1-1,rear_Cs_at_start_of_rearing,Batlow,siblings,qualified,negative,bluetit (teams = 77)
tit,Batlow-1-1-1,chick_sex_molec,Batlow,sex,qualified,negative,bluetit (teams = 77)
tit,Batlow-1-1-2,hatch_year,Batlow,year,qualified,negative,bluetit (teams = 77)
tit,Batlow-1-1-2,rear_nest_breed_ID,Batlow,id,qualified,negative,bluetit (teams = 77)
tit,Batlow-1-1-2,rear_area,Batlow,rear_location,qualified,negative,bluetit (teams = 77)
tit,Batlow-1-1-2,rear_nest_trt,Batlow,experimental_treatment,qualified,negative,bluetit (teams = 77)
tit,Batlow-1-1-2,home_or_away,Batlow,experimental_treatment,qualified,negative,bluetit (teams = 77)
tit,Batlow-1-1-2,rear_nest_OH,Batlow,date,qualified,negative,bluetit (teams = 77)
tit,Batlow-1-1-2,rear_Cs_at_start_of_rearing,Batlow,siblings,qualified,negative,bluetit (teams = 77)
tit,Batlow-1-1-2,chick_sex_molec,Batlow,sex,qualified,negative,bluetit (teams = 77)
tit,Batlow-1-1-3,hatch_year,Batlow,year,qualified,negative,bluetit (teams = 77)
tit,Batlow-1-1-3,rear_nest_breed_ID,Batlow,id,qualified,negative,bluetit (teams = 77)
tit,Batlow-1-1-3,rear_area,Batlow,rear_location,qualified,negative,bluetit (teams = 77)
tit,Batlow-1-1-3,rear_nest_trt,Batlow,experimental_treatment,qualified,negative,bluetit (teams = 77)
tit,Batlow-1-1-3,home_or_away,Batlow,experimental_treatment,qualified,negative,bluetit (teams = 77)
tit,Batlow-1-1-3,rear_nest_OH,Batlow,date,qualified,negative,bluetit (teams = 77)
tit,Batlow-1-1-3,rear_Cs_at_start_of_rearing,Batlow,siblings,qualified,negative,bluetit (teams = 77)
tit,Batlow-1-1-3,chick_sex_molec,Batlow,sex,qualified,negative,bluetit (teams = 77)
tit,Baxter-2-2-1,hatch_year,Baxter,year,conclusive,negative,bluetit (teams = 77)
tit,Baxter-2-2-1,hatch_nest_breed_ID,Baxter,id,conclusive,negative,bluetit (teams = 77)
tit,Baxter-2-2-1,hatch_Area,Baxter,hatch_location,conclusive,negative,bluetit (teams = 77)
tit,Baxter-2-2-1,hatch_Box,Baxter,hatch_location,conclusive,negative,bluetit (teams = 77)
tit,Baxter-2-2-1,hatch_mom_Ring,Baxter,parent,conclusive,negative,bluetit (teams = 77)
tit,Baxter-2-2-1,genetic_dad_ring_(WP_or_EP),Baxter,parent,conclusive,negative,bluetit (teams = 77)
tit,Baxter-2-2-1,rear_nest_breed_ID,Baxter,id,conclusive,negative,bluetit (teams = 77)
tit,Baxter-2-2-1,rear_area,Baxter,rear_location,conclusive,negative,bluetit (teams = 77)
tit,Baxter-2-2-1,rear_Box,Baxter,rear_location,conclusive,negative,bluetit (teams = 77)
tit,Baxter-2-2-1,rear_mom_Ring,Baxter,parent,conclusive,negative,bluetit (teams = 77)
tit,Baxter-2-2-1,rear_dad_Ring,Baxter,parent,conclusive,negative,bluetit (teams = 77)
tit,Baxter-2-2-1,rear_nest_trt,Baxter,experimental_treatment,conclusive,negative,bluetit (teams = 77)
tit,Baxter-2-2-1,rear_nest_LD,Baxter,date,conclusive,negative,bluetit (teams = 77)
tit,Baxter-2-2-1,rear_d0_rear_nest_brood_size,Baxter,siblings,conclusive,negative,bluetit (teams = 77)
tit,Baxter-2-2-1,day14_measurer,Baxter,observer,conclusive,negative,bluetit (teams = 77)
tit,Baxter-2-2-1,chick_sex_molec,Baxter,sex,conclusive,negative,bluetit (teams = 77)
tit,Baxter-1-1-1,hatch_year,Baxter,year,conclusive,negative,bluetit (teams = 77)
tit,Baxter-1-1-1,hatch_nest_breed_ID,Baxter,id,conclusive,negative,bluetit (teams = 77)
tit,Baxter-1-1-1,hatch_Area,Baxter,hatch_location,conclusive,negative,bluetit (teams = 77)
tit,Baxter-1-1-1,hatch_Box,Baxter,hatch_location,conclusive,negative,bluetit (teams = 77)
tit,Baxter-1-1-1,hatch_mom_Ring,Baxter,parent,conclusive,negative,bluetit (teams = 77)
tit,Baxter-1-1-1,genetic_dad_ring_(WP_or_EP),Baxter,parent,conclusive,negative,bluetit (teams = 77)
tit,Baxter-1-1-1,rear_nest_breed_ID,Baxter,id,conclusive,negative,bluetit (teams = 77)
tit,Baxter-1-1-1,rear_area,Baxter,rear_location,conclusive,negative,bluetit (teams = 77)
tit,Baxter-1-1-1,rear_Box,Baxter,rear_location,conclusive,negative,bluetit (teams = 77)
tit,Baxter-1-1-1,rear_mom_Ring,Baxter,parent,conclusive,negative,bluetit (teams = 77)
tit,Baxter-1-1-1,rear_dad_Ring,Baxter,parent,conclusive,negative,bluetit (teams = 77)
tit,Baxter-1-1-1,rear_nest_trt,Baxter,experimental_treatment,conclusive,negative,bluetit (teams = 77)
tit,Baxter-1-1-1,rear_nest_LD,Baxter,date,conclusive,negative,bluetit (teams = 77)
tit,Baxter-1-1-1,rear_d0_rear_nest_brood_size,Baxter,siblings,conclusive,negative,bluetit (teams = 77)
tit,Baxter-1-1-1,day14_measurer,Baxter,observer,conclusive,negative,bluetit (teams = 77)
tit,Baxter-1-1-1,chick_sex_molec,Baxter,sex,conclusive,negative,bluetit (teams = 77)
tit,Beltan-2-2-1,hatch_year,Beltan,year,conclusive,negative,bluetit (teams = 77)
tit,Beltan-2-2-1,rear_nest_breed_ID,Beltan,id,conclusive,negative,bluetit (teams = 77)
tit,Beltan-2-2-1,rear_Cs_at_start_of_rearing,Beltan,siblings,conclusive,negative,bluetit (teams = 77)
tit,Beltan-2-2-1,day14_measurer,Beltan,observer,conclusive,negative,bluetit (teams = 77)
tit,Beltan-2-2-1,chick_sex_molec,Beltan,sex,conclusive,negative,bluetit (teams = 77)
tit,Beltan-1-1-1,hatch_year,Beltan,year,conclusive,negative,bluetit (teams = 77)
tit,Beltan-1-1-1,rear_nest_breed_ID,Beltan,id,conclusive,negative,bluetit (teams = 77)
tit,Beltan-1-1-1,rear_Cs_at_start_of_rearing,Beltan,siblings,conclusive,negative,bluetit (teams = 77)
tit,Beltan-1-1-1,day14_measurer,Beltan,observer,conclusive,negative,bluetit (teams = 77)
tit,Beltan-1-1-1,chick_sex_molec,Beltan,sex,conclusive,negative,bluetit (teams = 77)
tit,Bethan-1-1-1,hatch_nest_breed_ID,Bethan,id,qualified,negative,bluetit (teams = 77)
tit,Bethan-1-1-1,hatch_Area,Bethan,hatch_location,qualified,negative,bluetit (teams = 77)
tit,Bethan-1-1-1,hatch_Box,Bethan,hatch_location,qualified,negative,bluetit (teams = 77)
tit,Bethan-1-1-1,hatch_mom_Ring,Bethan,parent,qualified,negative,bluetit (teams = 77)
tit,Bethan-1-1-1,genetic_dad_ring_(WP_or_EP),Bethan,parent,qualified,negative,bluetit (teams = 77)
tit,Bethan-1-1-1,d0_hatch_nest_brood_size,Bethan,hatch_siblings,qualified,negative,bluetit (teams = 77)
tit,Bethan-1-1-1,rear_nest_breed_ID,Bethan,id,qualified,negative,bluetit (teams = 77)
tit,Bethan-1-1-1,rear_area,Bethan,rear_location,qualified,negative,bluetit (teams = 77)
tit,Bethan-1-1-1,rear_Box,Bethan,rear_location,qualified,negative,bluetit (teams = 77)
tit,Bethan-1-1-1,rear_mom_Ring,Bethan,parent,qualified,negative,bluetit (teams = 77)
tit,Bethan-1-1-1,rear_dad_Ring,Bethan,parent,qualified,negative,bluetit (teams = 77)
tit,Bethan-1-1-1,home_or_away,Bethan,experimental_treatment,qualified,negative,bluetit (teams = 77)
tit,Bethan-1-1-1,net_rearing_manipulation,Bethan,experimental_treatment,qualified,negative,bluetit (teams = 77)
tit,Bethan-1-1-1,number_chicks_fledged_from_rear_nest,Bethan,survival,qualified,negative,bluetit (teams = 77)
tit,Bethan-1-1-1,Date_of_day14,Bethan,date,qualified,negative,bluetit (teams = 77)
tit,Bethan-1-1-1,day14_measurer,Bethan,observer,qualified,negative,bluetit (teams = 77)
tit,Bethan-1-1-1,chick_sex_molec,Bethan,sex,qualified,negative,bluetit (teams = 77)
tit,Beulah-1-1-1,hatch_year,Beulah,year,NA,negative,bluetit (teams = 77)
tit,Beulah-1-1-1,hatch_nest_breed_ID,Beulah,id,NA,negative,bluetit (teams = 77)
tit,Beulah-1-1-1,rear_nest_breed_ID,Beulah,id,NA,negative,bluetit (teams = 77)
tit,Beulah-1-1-1,rear_Box,Beulah,rear_location,NA,negative,bluetit (teams = 77)
tit,Beulah-1-1-1,rear_nest_trt,Beulah,experimental_treatment,NA,negative,bluetit (teams = 77)
tit,Bilpin-1-1-1,hatch_year,Bilpin,year,conclusive,negative,bluetit (teams = 77)
tit,Bilpin-1-1-1,hatch_nest_breed_ID,Bilpin,id,conclusive,negative,bluetit (teams = 77)
tit,Bilpin-1-1-1,rear_nest_breed_ID,Bilpin,id,conclusive,negative,bluetit (teams = 77)
tit,Bilpin-1-1-1,rear_d0_rear_nest_brood_size,Bilpin,siblings,conclusive,negative,bluetit (teams = 77)
tit,Bilpin-1-1-1,net_rearing_manipulation,Bilpin,experimental_treatment,conclusive,negative,bluetit (teams = 77)
tit,Bilpin-1-1-1,chick_sex_molec,Bilpin,sex,conclusive,negative,bluetit (teams = 77)
tit,Bindoo-1-1-1,competition_weight,Bindoo,weight,qualified,negative,bluetit (teams = 77)
tit,Blinma-1-1-1,hatch_year,Blinma,year,qualified,negative,bluetit (teams = 77)
tit,Blinma-1-1-1,hatch_nest_breed_ID,Blinma,id,qualified,negative,bluetit (teams = 77)
tit,Blinma-1-1-1,hatch_Area,Blinma,hatch_location,qualified,negative,bluetit (teams = 77)
tit,Blinma-1-1-1,hatch_Box,Blinma,hatch_location,qualified,negative,bluetit (teams = 77)
tit,Blinma-1-1-1,rear_nest_breed_ID,Blinma,id,qualified,negative,bluetit (teams = 77)
tit,Blinma-1-1-1,rear_area,Blinma,rear_location,qualified,negative,bluetit (teams = 77)
tit,Blinma-1-1-1,rear_Box,Blinma,rear_location,qualified,negative,bluetit (teams = 77)
tit,Blinma-1-1-1,home_or_away,Blinma,experimental_treatment,qualified,negative,bluetit (teams = 77)
tit,Blinma-1-1-1,d14_rear_nest_brood_size,Blinma,siblings,qualified,negative,bluetit (teams = 77)
tit,Blinma-1-1-1,day14_measurer,Blinma,observer,qualified,negative,bluetit (teams = 77)
tit,Blinma-1-1-1,chick_sex_molec,Blinma,sex,qualified,negative,bluetit (teams = 77)
tit,Boulia-1-1-2,hatch_year,Boulia,year,conclusive,negative,bluetit (teams = 77)
tit,Boulia-1-1-2,hatch_nest_breed_ID,Boulia,id,conclusive,negative,bluetit (teams = 77)
tit,Boulia-1-1-2,rear_nest_breed_ID,Boulia,id,conclusive,negative,bluetit (teams = 77)
tit,Boulia-1-1-2,rear_area,Boulia,rear_location,conclusive,negative,bluetit (teams = 77)
tit,Boulia-1-1-2,rear_nest_trt,Boulia,experimental_treatment,conclusive,negative,bluetit (teams = 77)
tit,Boulia-1-1-2,home_or_away,Boulia,experimental_treatment,conclusive,negative,bluetit (teams = 77)
tit,Boulia-1-1-2,Date_of_day14,Boulia,date,conclusive,negative,bluetit (teams = 77)
tit,Boulia-1-1-2,day14_measurer,Boulia,observer,conclusive,negative,bluetit (teams = 77)
tit,Boulia-1-1-2,chick_sex_molec,Boulia,sex,conclusive,negative,bluetit (teams = 77)
tit,Boulia-1-1-1,hatch_year,Boulia,year,conclusive,negative,bluetit (teams = 77)
tit,Boulia-1-1-1,hatch_nest_breed_ID,Boulia,id,conclusive,negative,bluetit (teams = 77)
tit,Boulia-1-1-1,rear_nest_breed_ID,Boulia,id,conclusive,negative,bluetit (teams = 77)
tit,Boulia-1-1-1,rear_area,Boulia,rear_location,conclusive,negative,bluetit (teams = 77)
tit,Boulia-1-1-1,rear_nest_trt,Boulia,experimental_treatment,conclusive,negative,bluetit (teams = 77)
tit,Boulia-1-1-1,home_or_away,Boulia,experimental_treatment,conclusive,negative,bluetit (teams = 77)
tit,Boulia-1-1-1,Date_of_day14,Boulia,date,conclusive,negative,bluetit (teams = 77)
tit,Boulia-1-1-1,day14_measurer,Boulia,observer,conclusive,negative,bluetit (teams = 77)
tit,Boulia-1-1-1,chick_sex_molec,Boulia,sex,conclusive,negative,bluetit (teams = 77)
tit,Bourke-1-1-1,hatch_year,Bourke,year,conclusive,negative,bluetit (teams = 77)
tit,Bourke-1-1-1,hatch_nest_breed_ID,Bourke,id,conclusive,negative,bluetit (teams = 77)
tit,Bourke-1-1-1,hatch_nest_CS,Bourke,hatch_siblings,conclusive,negative,bluetit (teams = 77)
tit,Bourke-1-1-1,rear_nest_breed_ID,Bourke,id,conclusive,negative,bluetit (teams = 77)
tit,Bourke-1-1-1,home_or_away,Bourke,experimental_treatment,conclusive,negative,bluetit (teams = 77)
tit,Bourke-1-1-1,rear_Cs_at_start_of_rearing,Bourke,siblings,conclusive,negative,bluetit (teams = 77)
tit,Bowral-2-2-1,hatch_year,Bowral,year,qualified,mixed,bluetit (teams = 77)
tit,Bowral-2-2-1,hatch_nest_breed_ID,Bowral,id,qualified,mixed,bluetit (teams = 77)
tit,Bowral-2-2-1,rear_nest_breed_ID,Bowral,id,qualified,mixed,bluetit (teams = 77)
tit,Bowral-2-2-1,rear_area,Bowral,rear_location,qualified,mixed,bluetit (teams = 77)
tit,Bowral-2-2-1,home_or_away,Bowral,experimental_treatment,qualified,mixed,bluetit (teams = 77)
tit,Bowral-2-2-1,rear_d0_rear_nest_brood_size,Bowral,siblings,qualified,mixed,bluetit (teams = 77)
tit,Bowral-2-2-1,net_rearing_manipulation,Bowral,experimental_treatment,qualified,mixed,bluetit (teams = 77)
tit,Bowral-2-2-1,Date_of_day14,Bowral,date,qualified,mixed,bluetit (teams = 77)
tit,Bowral-2-2-1,day14_measurer,Bowral,observer,qualified,mixed,bluetit (teams = 77)
tit,Bowral-1-1-1,hatch_year,Bowral,year,qualified,mixed,bluetit (teams = 77)
tit,Bowral-1-1-1,hatch_nest_breed_ID,Bowral,id,qualified,mixed,bluetit (teams = 77)
tit,Bowral-1-1-1,rear_nest_breed_ID,Bowral,id,qualified,mixed,bluetit (teams = 77)
tit,Bowral-1-1-1,rear_area,Bowral,rear_location,qualified,mixed,bluetit (teams = 77)
tit,Bowral-1-1-1,home_or_away,Bowral,experimental_treatment,qualified,mixed,bluetit (teams = 77)
tit,Bowral-1-1-1,rear_d0_rear_nest_brood_size,Bowral,siblings,qualified,mixed,bluetit (teams = 77)
tit,Bowral-1-1-1,net_rearing_manipulation,Bowral,experimental_treatment,qualified,mixed,bluetit (teams = 77)
tit,Bowral-1-1-1,Date_of_day14,Bowral,date,qualified,mixed,bluetit (teams = 77)
tit,Bowral-1-1-1,day14_measurer,Bowral,observer,qualified,mixed,bluetit (teams = 77)
tit,Bright-1-1-1,hatch_mom_Ring,Bright,parent,qualified,negative,bluetit (teams = 77)
tit,Bright-1-1-1,genetic_dad_ring_(WP_or_EP),Bright,parent,qualified,negative,bluetit (teams = 77)
tit,Bright-1-1-1,rear_area,Bright,rear_location,qualified,negative,bluetit (teams = 77)
tit,Bright-1-1-1,rear_Cs_at_start_of_rearing,Bright,siblings,qualified,negative,bluetit (teams = 77)
tit,Bright-1-1-1,Date_of_day14,Bright,date,qualified,negative,bluetit (teams = 77)
tit,Buchan-1-1-1,hatch_year,Buchan,year,qualified,negative,bluetit (teams = 77)
tit,Buchan-1-1-1,rear_nest_breed_ID,Buchan,id,qualified,negative,bluetit (teams = 77)
tit,Buchan-1-1-1,rear_area,Buchan,rear_location,qualified,negative,bluetit (teams = 77)
tit,Buchan-1-1-1,rear_nest_trt,Buchan,experimental_treatment,qualified,negative,bluetit (teams = 77)
tit,Buchan-1-1-1,home_or_away,Buchan,experimental_treatment,qualified,negative,bluetit (teams = 77)
tit,Buchan-1-1-1,rear_Cs_at_start_of_rearing,Buchan,siblings,qualified,negative,bluetit (teams = 77)
tit,Buchan-1-1-1,brood_reduction,Buchan,experimental_treatment,qualified,negative,bluetit (teams = 77)
tit,Bunbur-1-1-1,hatch_nest_breed_ID,Bunbur,id,qualified,none,bluetit (teams = 77)
tit,Bunbur-1-1-1,rear_nest_breed_ID,Bunbur,id,qualified,none,bluetit (teams = 77)
tit,Bunbur-1-1-1,rear_d0_rear_nest_brood_size,Bunbur,siblings,qualified,none,bluetit (teams = 77)
tit,Bunbur-1-1-1,rear_Cs_at_start_of_rearing,Bunbur,siblings,qualified,none,bluetit (teams = 77)
tit,Bunbur-1-1-1,chick_sex_molec,Bunbur,sex,qualified,none,bluetit (teams = 77)
tit,Burnie-1-1-1,hatch_year,Burnie,year,qualified,negative,bluetit (teams = 77)
tit,Burnie-1-1-1,hatch_Area,Burnie,hatch_location,qualified,negative,bluetit (teams = 77)
tit,Burnie-1-1-1,hatch_Box,Burnie,hatch_location,qualified,negative,bluetit (teams = 77)
tit,Burnie-1-1-1,hatch_mom_Ring,Burnie,parent,qualified,negative,bluetit (teams = 77)
tit,Burnie-1-1-1,hatch_nest_dad_Ring,Burnie,parent,qualified,negative,bluetit (teams = 77)
tit,Burnie-1-1-1,genetic_dad_ring_(WP_or_EP),Burnie,parent,qualified,negative,bluetit (teams = 77)
tit,Burnie-1-1-1,rear_area,Burnie,rear_location,qualified,negative,bluetit (teams = 77)
tit,Burnie-1-1-1,rear_Box,Burnie,rear_location,qualified,negative,bluetit (teams = 77)
tit,Burnie-1-1-1,rear_mom_Ring,Burnie,parent,qualified,negative,bluetit (teams = 77)
tit,Burnie-1-1-1,rear_dad_Ring,Burnie,parent,qualified,negative,bluetit (teams = 77)
tit,Burnie-1-1-1,home_or_away,Burnie,experimental_treatment,qualified,negative,bluetit (teams = 77)
tit,Burnie-1-1-1,net_rearing_manipulation,Burnie,experimental_treatment,qualified,negative,bluetit (teams = 77)
tit,Burnie-1-1-1,Date_of_day14,Burnie,date,qualified,negative,bluetit (teams = 77)
tit,Burnie-1-1-1,manipulation_non,Burnie,experimental_treatment,qualified,negative,bluetit (teams = 77)
tit,Byrock-1-1-1,hatch_year,Byrock,year,conclusive,negative,bluetit (teams = 77)
tit,Byrock-1-1-1,rear_nest_breed_ID,Byrock,id,conclusive,negative,bluetit (teams = 77)
tit,Byrock-1-1-1,d14_rear_nest_brood_size,Byrock,siblings,conclusive,negative,bluetit (teams = 77)
tit,Byrock-2-2-1,hatch_year,Byrock,year,conclusive,negative,bluetit (teams = 77)
tit,Byrock-2-2-1,rear_nest_breed_ID,Byrock,id,conclusive,negative,bluetit (teams = 77)
tit,Byrock-2-2-1,d14_rear_nest_brood_size,Byrock,siblings,conclusive,negative,bluetit (teams = 77)
tit,Caigun-2-2-1,hatch_year,Caigun,year,qualified,mixed,bluetit (teams = 77)
tit,Caigun-2-2-1,hatch_nest_OH,Caigun,date,qualified,mixed,bluetit (teams = 77)
tit,Caigun-2-2-1,rear_nest_breed_ID,Caigun,id,qualified,mixed,bluetit (teams = 77)
tit,Caigun-2-2-1,rear_mom_Ring,Caigun,parent,qualified,mixed,bluetit (teams = 77)
tit,Caigun-2-2-1,rear_Cs_at_start_of_rearing,Caigun,siblings,qualified,mixed,bluetit (teams = 77)
tit,Caigun-2-2-1,d14_rear_nest_brood_size,Caigun,siblings,qualified,mixed,bluetit (teams = 77)
tit,Caigun-2-2-1,chick_sex_molec,Caigun,sex,qualified,mixed,bluetit (teams = 77)
tit,Caigun-1-1-1,hatch_year,Caigun,year,qualified,mixed,bluetit (teams = 77)
tit,Caigun-1-1-1,hatch_nest_OH,Caigun,date,qualified,mixed,bluetit (teams = 77)
tit,Caigun-1-1-1,rear_nest_breed_ID,Caigun,id,qualified,mixed,bluetit (teams = 77)
tit,Caigun-1-1-1,rear_mom_Ring,Caigun,parent,qualified,mixed,bluetit (teams = 77)
tit,Caigun-1-1-1,rear_Cs_at_start_of_rearing,Caigun,siblings,qualified,mixed,bluetit (teams = 77)
tit,Caigun-1-1-1,d14_rear_nest_brood_size,Caigun,siblings,qualified,mixed,bluetit (teams = 77)
tit,Caigun-1-1-1,chick_sex_molec,Caigun,sex,qualified,mixed,bluetit (teams = 77)
tit,Cairns-1-1-1,hatch_year,Cairns,year,qualified,negative,bluetit (teams = 77)
tit,Cairns-1-1-1,hatch_mom_Ring,Cairns,parent,qualified,negative,bluetit (teams = 77)
tit,Cairns-1-1-1,hatch_nest_OH,Cairns,date,qualified,negative,bluetit (teams = 77)
tit,Cairns-1-1-1,rear_nest_breed_ID,Cairns,id,qualified,negative,bluetit (teams = 77)
tit,Cairns-1-1-1,rear_area,Cairns,rear_location,qualified,negative,bluetit (teams = 77)
tit,Cairns-1-1-1,home_or_away,Cairns,experimental_treatment,qualified,negative,bluetit (teams = 77)
tit,Cairns-1-1-1,day14_measurer,Cairns,observer,qualified,negative,bluetit (teams = 77)
tit,Cairns-1-1-1,percent_change,Cairns,experimental_treatment,qualified,negative,bluetit (teams = 77)
tit,Camden-1-1-2,hatch_nest_breed_ID,Camden,id,conclusive,none,bluetit (teams = 77)
tit,Camden-1-1-2,d0_hatch_nest_brood_size,Camden,hatch_siblings,conclusive,none,bluetit (teams = 77)
tit,Camden-1-1-2,rear_nest_breed_ID,Camden,id,conclusive,none,bluetit (teams = 77)
tit,Camden-1-1-2,rear_nest_trt,Camden,experimental_treatment,conclusive,none,bluetit (teams = 77)
tit,Camden-1-1-2,rear_Cs_at_start_of_rearing,Camden,siblings,conclusive,none,bluetit (teams = 77)
tit,Camden-1-1-2,day14_measurer,Camden,observer,conclusive,none,bluetit (teams = 77)
tit,Camden-1-1-1,hatch_nest_breed_ID,Camden,id,conclusive,none,bluetit (teams = 77)
tit,Camden-1-1-1,d0_hatch_nest_brood_size,Camden,hatch_siblings,conclusive,none,bluetit (teams = 77)
tit,Camden-1-1-1,rear_nest_breed_ID,Camden,id,conclusive,none,bluetit (teams = 77)
tit,Camden-1-1-1,rear_nest_trt,Camden,experimental_treatment,conclusive,none,bluetit (teams = 77)
tit,Camden-1-1-1,rear_Cs_at_start_of_rearing,Camden,siblings,conclusive,none,bluetit (teams = 77)
tit,Camden-1-1-1,day14_measurer,Camden,observer,conclusive,none,bluetit (teams = 77)
tit,Cattai-2-2-2,hatch_year,Cattai,year,conclusive,negative,bluetit (teams = 77)
tit,Cattai-2-2-2,hatch_nest_breed_ID,Cattai,id,conclusive,negative,bluetit (teams = 77)
tit,Cattai-2-2-2,rear_nest_breed_ID,Cattai,id,conclusive,negative,bluetit (teams = 77)
tit,Cattai-2-2-2,rear_area,Cattai,rear_location,conclusive,negative,bluetit (teams = 77)
tit,Cattai-2-2-2,rear_nest_trt,Cattai,experimental_treatment,conclusive,negative,bluetit (teams = 77)
tit,Cattai-2-2-2,home_or_away,Cattai,experimental_treatment,conclusive,negative,bluetit (teams = 77)
tit,Cattai-2-2-2,rear_Cs_at_start_of_rearing,Cattai,siblings,conclusive,negative,bluetit (teams = 77)
tit,Cattai-2-2-2,chick_sex_molec,Cattai,sex,conclusive,negative,bluetit (teams = 77)
tit,Cattai-2-2-1,hatch_year,Cattai,year,conclusive,negative,bluetit (teams = 77)
tit,Cattai-2-2-1,hatch_nest_breed_ID,Cattai,id,conclusive,negative,bluetit (teams = 77)
tit,Cattai-2-2-1,rear_nest_breed_ID,Cattai,id,conclusive,negative,bluetit (teams = 77)
tit,Cattai-2-2-1,rear_area,Cattai,rear_location,conclusive,negative,bluetit (teams = 77)
tit,Cattai-2-2-1,rear_nest_trt,Cattai,experimental_treatment,conclusive,negative,bluetit (teams = 77)
tit,Cattai-2-2-1,home_or_away,Cattai,experimental_treatment,conclusive,negative,bluetit (teams = 77)
tit,Cattai-2-2-1,rear_Cs_at_start_of_rearing,Cattai,siblings,conclusive,negative,bluetit (teams = 77)
tit,Cattai-2-2-1,chick_sex_molec,Cattai,sex,conclusive,negative,bluetit (teams = 77)
tit,Cattai-1-1-2,hatch_year,Cattai,year,conclusive,negative,bluetit (teams = 77)
tit,Cattai-1-1-2,hatch_nest_breed_ID,Cattai,id,conclusive,negative,bluetit (teams = 77)
tit,Cattai-1-1-2,rear_nest_breed_ID,Cattai,id,conclusive,negative,bluetit (teams = 77)
tit,Cattai-1-1-2,rear_area,Cattai,rear_location,conclusive,negative,bluetit (teams = 77)
tit,Cattai-1-1-2,rear_nest_trt,Cattai,experimental_treatment,conclusive,negative,bluetit (teams = 77)
tit,Cattai-1-1-2,home_or_away,Cattai,experimental_treatment,conclusive,negative,bluetit (teams = 77)
tit,Cattai-1-1-2,rear_Cs_at_start_of_rearing,Cattai,siblings,conclusive,negative,bluetit (teams = 77)
tit,Cattai-1-1-2,chick_sex_molec,Cattai,sex,conclusive,negative,bluetit (teams = 77)
tit,Cattai-1-1-1,hatch_year,Cattai,year,conclusive,negative,bluetit (teams = 77)
tit,Cattai-1-1-1,hatch_nest_breed_ID,Cattai,id,conclusive,negative,bluetit (teams = 77)
tit,Cattai-1-1-1,rear_nest_breed_ID,Cattai,id,conclusive,negative,bluetit (teams = 77)
tit,Cattai-1-1-1,rear_area,Cattai,rear_location,conclusive,negative,bluetit (teams = 77)
tit,Cattai-1-1-1,rear_nest_trt,Cattai,experimental_treatment,conclusive,negative,bluetit (teams = 77)
tit,Cattai-1-1-1,home_or_away,Cattai,experimental_treatment,conclusive,negative,bluetit (teams = 77)
tit,Cattai-1-1-1,rear_Cs_at_start_of_rearing,Cattai,siblings,conclusive,negative,bluetit (teams = 77)
tit,Cattai-1-1-1,chick_sex_molec,Cattai,sex,conclusive,negative,bluetit (teams = 77)
tit,Byrock-1-11-1,hatch_year,Byrock,year,conclusive,negative,bluetit (teams = 77)
tit,Byrock-1-11-1,rear_nest_breed_ID,Byrock,id,conclusive,negative,bluetit (teams = 77)
tit,Byrock-1-11-1,d14_rear_nest_brood_size,Byrock,siblings,conclusive,negative,bluetit (teams = 77)
tit,Byrock-1-11-1,day_14_weight,Byrock,weight,conclusive,negative,bluetit (teams = 77)
tit,Adelong-2-2-1,hatch_nest_breed_ID,Adelong,id,conclusive,mixed,bluetit (teams = 77)
tit,Adelong-2-2-1,hatch_nest_CS,Adelong,hatch_siblings,conclusive,mixed,bluetit (teams = 77)
tit,Adelong-2-2-1,hatch_nest_OH,Adelong,date,conclusive,mixed,bluetit (teams = 77)
tit,Adelong-2-2-1,d0_hatch_nest_brood_size,Adelong,hatch_siblings,conclusive,mixed,bluetit (teams = 77)
tit,Adelong-2-2-1,rear_nest_trt,Adelong,experimental_treatment,conclusive,mixed,bluetit (teams = 77)
tit,Adelong-2-2-1,rear_Cs_at_start_of_rearing,Adelong,siblings,conclusive,mixed,bluetit (teams = 77)
tit,Adelong-2-2-1,d14_rear_nest_brood_size,Adelong,siblings,conclusive,mixed,bluetit (teams = 77)
tit,Adelong-2-2-1,relatedness,Adelong,genetics,conclusive,mixed,bluetit (teams = 77)
tit,Adelong-1-1-1,hatch_nest_breed_ID,Adelong,id,conclusive,mixed,bluetit (teams = 77)
tit,Adelong-1-1-1,hatch_nest_CS,Adelong,hatch_siblings,conclusive,mixed,bluetit (teams = 77)
tit,Adelong-1-1-1,hatch_nest_OH,Adelong,date,conclusive,mixed,bluetit (teams = 77)
tit,Adelong-1-1-1,d0_hatch_nest_brood_size,Adelong,hatch_siblings,conclusive,mixed,bluetit (teams = 77)
tit,Adelong-1-1-1,rear_nest_trt,Adelong,experimental_treatment,conclusive,mixed,bluetit (teams = 77)
tit,Adelong-1-1-1,rear_Cs_at_start_of_rearing,Adelong,siblings,conclusive,mixed,bluetit (teams = 77)
tit,Adelong-1-1-1,d14_rear_nest_brood_size,Adelong,siblings,conclusive,mixed,bluetit (teams = 77)
tit,Adelong-1-1-1,relatedness,Adelong,genetics,conclusive,mixed,bluetit (teams = 77)
tit,Angasto-1-1-2,hatch_year,Angasto,year,conclusive,mixed,bluetit (teams = 77)
tit,Angasto-1-1-2,hatch_nest_breed_ID,Angasto,id,conclusive,mixed,bluetit (teams = 77)
tit,Angasto-1-1-2,hatch_nest_OH,Angasto,date,conclusive,mixed,bluetit (teams = 77)
tit,Angasto-1-1-2,rear_nest_breed_ID,Angasto,id,conclusive,mixed,bluetit (teams = 77)
tit,Angasto-1-1-2,rear_nest_trt,Angasto,experimental_treatment,conclusive,mixed,bluetit (teams = 77)
tit,Angasto-1-1-2,d14_rear_nest_brood_size,Angasto,siblings,conclusive,mixed,bluetit (teams = 77)
tit,Angasto-1-1-2,day14_measurer,Angasto,observer,conclusive,mixed,bluetit (teams = 77)
tit,Angasto-1-1-2,within-area_movement,Angasto,experimental_treatment,conclusive,mixed,bluetit (teams = 77)
tit,Angasto-3-3-2,hatch_year,Angasto,year,conclusive,mixed,bluetit (teams = 77)
tit,Angasto-3-3-2,hatch_nest_breed_ID,Angasto,id,conclusive,mixed,bluetit (teams = 77)
tit,Angasto-3-3-2,hatch_nest_OH,Angasto,date,conclusive,mixed,bluetit (teams = 77)
tit,Angasto-3-3-2,rear_nest_breed_ID,Angasto,id,conclusive,mixed,bluetit (teams = 77)
tit,Angasto-3-3-2,rear_nest_trt,Angasto,experimental_treatment,conclusive,mixed,bluetit (teams = 77)
tit,Angasto-3-3-2,home_or_away,Angasto,experimental_treatment,conclusive,mixed,bluetit (teams = 77)
tit,Angasto-3-3-2,d14_rear_nest_brood_size,Angasto,siblings,conclusive,mixed,bluetit (teams = 77)
tit,Angasto-3-3-2,day14_measurer,Angasto,observer,conclusive,mixed,bluetit (teams = 77)
tit,Angasto-3-3-2,chick_sex_molec,Angasto,sex,conclusive,mixed,bluetit (teams = 77)
tit,Angasto-3-3-2,within-area_movement,Angasto,experimental_treatment,conclusive,mixed,bluetit (teams = 77)
tit,Angasto-1-1-1,hatch_year,Angasto,year,conclusive,mixed,bluetit (teams = 77)
tit,Angasto-1-1-1,hatch_nest_breed_ID,Angasto,id,conclusive,mixed,bluetit (teams = 77)
tit,Angasto-1-1-1,hatch_nest_OH,Angasto,date,conclusive,mixed,bluetit (teams = 77)
tit,Angasto-1-1-1,rear_nest_breed_ID,Angasto,id,conclusive,mixed,bluetit (teams = 77)
tit,Angasto-1-1-1,rear_nest_trt,Angasto,experimental_treatment,conclusive,mixed,bluetit (teams = 77)
tit,Angasto-1-1-1,d14_rear_nest_brood_size,Angasto,siblings,conclusive,mixed,bluetit (teams = 77)
tit,Angasto-1-1-1,day14_measurer,Angasto,observer,conclusive,mixed,bluetit (teams = 77)
tit,Angasto-1-1-1,within-area_movement,Angasto,experimental_treatment,conclusive,mixed,bluetit (teams = 77)
tit,Angasto-3-3-1,hatch_year,Angasto,year,conclusive,mixed,bluetit (teams = 77)
tit,Angasto-3-3-1,hatch_nest_breed_ID,Angasto,id,conclusive,mixed,bluetit (teams = 77)
tit,Angasto-3-3-1,hatch_nest_OH,Angasto,date,conclusive,mixed,bluetit (teams = 77)
tit,Angasto-3-3-1,rear_nest_breed_ID,Angasto,id,conclusive,mixed,bluetit (teams = 77)
tit,Angasto-3-3-1,rear_nest_trt,Angasto,experimental_treatment,conclusive,mixed,bluetit (teams = 77)
tit,Angasto-3-3-1,home_or_away,Angasto,experimental_treatment,conclusive,mixed,bluetit (teams = 77)
tit,Angasto-3-3-1,d14_rear_nest_brood_size,Angasto,siblings,conclusive,mixed,bluetit (teams = 77)
tit,Angasto-3-3-1,day14_measurer,Angasto,observer,conclusive,mixed,bluetit (teams = 77)
tit,Angasto-3-3-1,chick_sex_molec,Angasto,sex,conclusive,mixed,bluetit (teams = 77)
tit,Angasto-3-3-1,within-area_movement,Angasto,experimental_treatment,conclusive,mixed,bluetit (teams = 77)
tit,Angasto-2-2-2,hatch_year,Angasto,year,conclusive,mixed,bluetit (teams = 77)
tit,Angasto-2-2-2,hatch_nest_breed_ID,Angasto,id,conclusive,mixed,bluetit (teams = 77)
tit,Angasto-2-2-2,hatch_Area,Angasto,hatch_location,conclusive,mixed,bluetit (teams = 77)
tit,Angasto-2-2-2,hatch_nest_OH,Angasto,date,conclusive,mixed,bluetit (teams = 77)
tit,Angasto-2-2-2,rear_nest_breed_ID,Angasto,id,conclusive,mixed,bluetit (teams = 77)
tit,Angasto-2-2-2,rear_nest_trt,Angasto,experimental_treatment,conclusive,mixed,bluetit (teams = 77)
tit,Angasto-2-2-2,d14_rear_nest_brood_size,Angasto,siblings,conclusive,mixed,bluetit (teams = 77)
tit,Angasto-2-2-2,day_14_tarsus_length,Angasto,tarsus,conclusive,mixed,bluetit (teams = 77)
tit,Angasto-2-2-2,day14_measurer,Angasto,observer,conclusive,mixed,bluetit (teams = 77)
tit,Angasto-2-2-2,within-area_movement,Angasto,experimental_treatment,conclusive,mixed,bluetit (teams = 77)
tit,Angasto-4-4-2,hatch_year,Angasto,year,conclusive,mixed,bluetit (teams = 77)
tit,Angasto-4-4-2,hatch_nest_breed_ID,Angasto,id,conclusive,mixed,bluetit (teams = 77)
tit,Angasto-4-4-2,hatch_Area,Angasto,hatch_location,conclusive,mixed,bluetit (teams = 77)
tit,Angasto-4-4-2,hatch_nest_OH,Angasto,date,conclusive,mixed,bluetit (teams = 77)
tit,Angasto-4-4-2,rear_nest_breed_ID,Angasto,id,conclusive,mixed,bluetit (teams = 77)
tit,Angasto-4-4-2,rear_nest_trt,Angasto,experimental_treatment,conclusive,mixed,bluetit (teams = 77)
tit,Angasto-4-4-2,home_or_away,Angasto,experimental_treatment,conclusive,mixed,bluetit (teams = 77)
tit,Angasto-4-4-2,d14_rear_nest_brood_size,Angasto,siblings,conclusive,mixed,bluetit (teams = 77)
tit,Angasto-4-4-2,day_14_tarsus_length,Angasto,tarsus,conclusive,mixed,bluetit (teams = 77)
tit,Angasto-4-4-2,day14_measurer,Angasto,observer,conclusive,mixed,bluetit (teams = 77)
tit,Angasto-4-4-2,chick_sex_molec,Angasto,sex,conclusive,mixed,bluetit (teams = 77)
tit,Angasto-4-4-2,within-area_movement,Angasto,experimental_treatment,conclusive,mixed,bluetit (teams = 77)
tit,Angasto-2-2-1,hatch_year,Angasto,year,conclusive,mixed,bluetit (teams = 77)
tit,Angasto-2-2-1,hatch_nest_breed_ID,Angasto,id,conclusive,mixed,bluetit (teams = 77)
tit,Angasto-2-2-1,hatch_Area,Angasto,hatch_location,conclusive,mixed,bluetit (teams = 77)
tit,Angasto-2-2-1,hatch_nest_OH,Angasto,date,conclusive,mixed,bluetit (teams = 77)
tit,Angasto-2-2-1,rear_nest_breed_ID,Angasto,id,conclusive,mixed,bluetit (teams = 77)
tit,Angasto-2-2-1,rear_nest_trt,Angasto,experimental_treatment,conclusive,mixed,bluetit (teams = 77)
tit,Angasto-2-2-1,d14_rear_nest_brood_size,Angasto,siblings,conclusive,mixed,bluetit (teams = 77)
tit,Angasto-2-2-1,day_14_tarsus_length,Angasto,tarsus,conclusive,mixed,bluetit (teams = 77)
tit,Angasto-2-2-1,day14_measurer,Angasto,observer,conclusive,mixed,bluetit (teams = 77)
tit,Angasto-2-2-1,within-area_movement,Angasto,experimental_treatment,conclusive,mixed,bluetit (teams = 77)
tit,Angasto-4-4-1,hatch_year,Angasto,year,conclusive,mixed,bluetit (teams = 77)
tit,Angasto-4-4-1,hatch_nest_breed_ID,Angasto,id,conclusive,mixed,bluetit (teams = 77)
tit,Angasto-4-4-1,hatch_Area,Angasto,hatch_location,conclusive,mixed,bluetit (teams = 77)
tit,Angasto-4-4-1,hatch_nest_OH,Angasto,date,conclusive,mixed,bluetit (teams = 77)
tit,Angasto-4-4-1,rear_nest_breed_ID,Angasto,id,conclusive,mixed,bluetit (teams = 77)
tit,Angasto-4-4-1,rear_nest_trt,Angasto,experimental_treatment,conclusive,mixed,bluetit (teams = 77)
tit,Angasto-4-4-1,home_or_away,Angasto,experimental_treatment,conclusive,mixed,bluetit (teams = 77)
tit,Angasto-4-4-1,d14_rear_nest_brood_size,Angasto,siblings,conclusive,mixed,bluetit (teams = 77)
tit,Angasto-4-4-1,day_14_tarsus_length,Angasto,tarsus,conclusive,mixed,bluetit (teams = 77)
tit,Angasto-4-4-1,day14_measurer,Angasto,observer,conclusive,mixed,bluetit (teams = 77)
tit,Angasto-4-4-1,chick_sex_molec,Angasto,sex,conclusive,mixed,bluetit (teams = 77)
tit,Angasto-4-4-1,within-area_movement,Angasto,experimental_treatment,conclusive,mixed,bluetit (teams = 77)
tit,Antwerp-1-5-1,hatch_year,Antwerp,year,conclusive,negative,bluetit (teams = 77)
tit,Antwerp-1-5-1,hatch_mom_Ring,Antwerp,parent,conclusive,negative,bluetit (teams = 77)
tit,Antwerp-1-5-1,hatch_nest_LD,Antwerp,date,conclusive,negative,bluetit (teams = 77)
tit,Antwerp-1-5-1,rear_area,Antwerp,rear_location,conclusive,negative,bluetit (teams = 77)
tit,Antwerp-1-5-1,rear_Box,Antwerp,rear_location,conclusive,negative,bluetit (teams = 77)
tit,Antwerp-1-5-1,rear_nest_trt,Antwerp,experimental_treatment,conclusive,negative,bluetit (teams = 77)
tit,Antwerp-1-5-2,hatch_year,Antwerp,year,conclusive,negative,bluetit (teams = 77)
tit,Antwerp-1-5-2,hatch_mom_Ring,Antwerp,parent,conclusive,negative,bluetit (teams = 77)
tit,Antwerp-1-5-2,hatch_nest_LD,Antwerp,date,conclusive,negative,bluetit (teams = 77)
tit,Antwerp-1-5-2,rear_area,Antwerp,rear_location,conclusive,negative,bluetit (teams = 77)
tit,Antwerp-1-5-2,rear_Box,Antwerp,rear_location,conclusive,negative,bluetit (teams = 77)
tit,Antwerp-1-5-2,rear_nest_trt,Antwerp,experimental_treatment,conclusive,negative,bluetit (teams = 77)
tit,Araluen-1-1-1,hatch_year,Araluen,year,conclusive,negative,bluetit (teams = 77)
tit,Araluen-1-1-1,rear_area,Araluen,rear_location,conclusive,negative,bluetit (teams = 77)
tit,Araluen-1-1-1,rear_Box,Araluen,rear_location,conclusive,negative,bluetit (teams = 77)
tit,Araluen-1-1-1,home_or_away,Araluen,experimental_treatment,conclusive,negative,bluetit (teams = 77)
tit,Araluen-1-1-1,rear_nest_OH,Araluen,date,conclusive,negative,bluetit (teams = 77)
tit,Araluen-1-1-1,rear_Cs_at_start_of_rearing,Araluen,siblings,conclusive,negative,bluetit (teams = 77)
tit,Araluen-1-1-1,relative_CS,Araluen,siblings,conclusive,negative,bluetit (teams = 77)
tit,Araluen-2-2-1,hatch_year,Araluen,year,conclusive,negative,bluetit (teams = 77)
tit,Araluen-2-2-1,rear_area,Araluen,rear_location,conclusive,negative,bluetit (teams = 77)
tit,Araluen-2-2-1,rear_Box,Araluen,rear_location,conclusive,negative,bluetit (teams = 77)
tit,Araluen-2-2-1,home_or_away,Araluen,experimental_treatment,conclusive,negative,bluetit (teams = 77)
tit,Araluen-2-2-1,rear_nest_OH,Araluen,date,conclusive,negative,bluetit (teams = 77)
tit,Araluen-2-2-1,rear_Cs_at_start_of_rearing,Araluen,siblings,conclusive,negative,bluetit (teams = 77)
tit,Araluen-2-2-1,relative_CS,Araluen,siblings,conclusive,negative,bluetit (teams = 77)
tit,Arltung-4-4-1,hatch_year,Arltung,year,conclusive,negative,bluetit (teams = 77)
tit,Arltung-4-4-1,hatch_mom_Ring,Arltung,parent,conclusive,negative,bluetit (teams = 77)
tit,Arltung-4-4-1,genetic_dad_ring_(WP_or_EP),Arltung,parent,conclusive,negative,bluetit (teams = 77)
tit,Arltung-4-4-1,rear_nest_breed_ID,Arltung,id,conclusive,negative,bluetit (teams = 77)
tit,Arltung-4-4-1,rear_area,Arltung,rear_location,conclusive,negative,bluetit (teams = 77)
tit,Arltung-4-4-1,rear_nest_OH,Arltung,date,conclusive,negative,bluetit (teams = 77)
tit,Arltung-4-4-1,net_rearing_manipulation,Arltung,experimental_treatment,conclusive,negative,bluetit (teams = 77)
tit,Arltung-4-4-1,day14_measurer,Arltung,observer,conclusive,negative,bluetit (teams = 77)
tit,Arltung-4-4-1,chick_sex_molec,Arltung,sex,conclusive,negative,bluetit (teams = 77)
tit,Arltung-4-4-1,brood_sex_ratio,Arltung,sex,conclusive,negative,bluetit (teams = 77)
tit,Arltung-1-1-1,hatch_year,Arltung,year,conclusive,negative,bluetit (teams = 77)
tit,Arltung-1-1-1,rear_area,Arltung,rear_location,conclusive,negative,bluetit (teams = 77)
tit,Arltung-1-1-1,rear_nest_OH,Arltung,date,conclusive,negative,bluetit (teams = 77)
tit,Arltung-1-1-1,net_rearing_manipulation,Arltung,experimental_treatment,conclusive,negative,bluetit (teams = 77)
tit,Arltung-1-1-1,rear_Cs_at_start_of_rearing,Arltung,siblings,conclusive,negative,bluetit (teams = 77)
tit,Arltung-1-1-1,d14_rear_nest_brood_size,Arltung,siblings,conclusive,negative,bluetit (teams = 77)
tit,Arltung-1-1-1,day14_measurer,Arltung,observer,conclusive,negative,bluetit (teams = 77)
tit,Arltung-1-1-1,chick_sex_molec,Arltung,sex,conclusive,negative,bluetit (teams = 77)
tit,Arltung-2-2-1,hatch_year,Arltung,year,conclusive,negative,bluetit (teams = 77)
tit,Arltung-2-2-1,hatch_mom_Ring,Arltung,parent,conclusive,negative,bluetit (teams = 77)
tit,Arltung-2-2-1,genetic_dad_ring_(WP_or_EP),Arltung,parent,conclusive,negative,bluetit (teams = 77)
tit,Arltung-2-2-1,rear_nest_breed_ID,Arltung,id,conclusive,negative,bluetit (teams = 77)
tit,Arltung-2-2-1,rear_area,Arltung,rear_location,conclusive,negative,bluetit (teams = 77)
tit,Arltung-2-2-1,rear_nest_OH,Arltung,date,conclusive,negative,bluetit (teams = 77)
tit,Arltung-2-2-1,net_rearing_manipulation,Arltung,experimental_treatment,conclusive,negative,bluetit (teams = 77)
tit,Arltung-2-2-1,day14_measurer,Arltung,observer,conclusive,negative,bluetit (teams = 77)
tit,Arltung-2-2-1,chick_sex_molec,Arltung,sex,conclusive,negative,bluetit (teams = 77)
tit,Arltung-2-2-1,brood_sex_ratio,Arltung,sex,conclusive,negative,bluetit (teams = 77)
tit,Arltung-3-3-1,hatch_year,Arltung,year,conclusive,negative,bluetit (teams = 77)
tit,Arltung-3-3-1,hatch_mom_Ring,Arltung,parent,conclusive,negative,bluetit (teams = 77)
tit,Arltung-3-3-1,genetic_dad_ring_(WP_or_EP),Arltung,parent,conclusive,negative,bluetit (teams = 77)
tit,Arltung-3-3-1,rear_nest_breed_ID,Arltung,id,conclusive,negative,bluetit (teams = 77)
tit,Arltung-3-3-1,rear_area,Arltung,rear_location,conclusive,negative,bluetit (teams = 77)
tit,Arltung-3-3-1,rear_nest_OH,Arltung,date,conclusive,negative,bluetit (teams = 77)
tit,Arltung-3-3-1,net_rearing_manipulation,Arltung,experimental_treatment,conclusive,negative,bluetit (teams = 77)
tit,Arltung-3-3-1,day14_measurer,Arltung,observer,conclusive,negative,bluetit (teams = 77)
tit,Arltung-3-3-1,chick_sex_molec,Arltung,sex,conclusive,negative,bluetit (teams = 77)
tit,Arltung-3-3-1,brood_sex_ratio,Arltung,sex,conclusive,negative,bluetit (teams = 77)
tit,Armadal-1-1-1,hatch_year,Armadal,year,qualified,negative,bluetit (teams = 77)
tit,Armadal-1-1-1,hatch_Area,Armadal,hatch_location,qualified,negative,bluetit (teams = 77)
tit,Armadal-1-1-1,hatch_nest_LD,Armadal,date,qualified,negative,bluetit (teams = 77)
tit,Armadal-1-1-1,hatch_nest_CS,Armadal,hatch_siblings,qualified,negative,bluetit (teams = 77)
tit,Armadal-1-1-1,hatch_nest_OH,Armadal,date,qualified,negative,bluetit (teams = 77)
tit,Armadal-1-1-1,d0_hatch_nest_brood_size,Armadal,hatch_siblings,qualified,negative,bluetit (teams = 77)
tit,Armadal-1-1-1,rear_area,Armadal,rear_location,qualified,negative,bluetit (teams = 77)
tit,Armadal-1-1-1,rear_nest_trt,Armadal,experimental_treatment,qualified,negative,bluetit (teams = 77)
tit,Armadal-1-1-1,home_or_away,Armadal,experimental_treatment,qualified,negative,bluetit (teams = 77)
tit,Armadal-1-1-1,rear_nest_LD,Armadal,date,qualified,negative,bluetit (teams = 77)
tit,Armadal-1-1-1,rear_nest_CS,Armadal,siblings,qualified,negative,bluetit (teams = 77)
tit,Armadal-1-1-1,rear_nest_OH,Armadal,date,qualified,negative,bluetit (teams = 77)
tit,Armadal-1-1-1,rear_Cs_at_start_of_rearing,Armadal,siblings,qualified,negative,bluetit (teams = 77)
tit,Armadal-1-1-1,d14_rear_nest_brood_size,Armadal,siblings,qualified,negative,bluetit (teams = 77)
tit,Armadal-1-1-1,number_chicks_fledged_from_rear_nest,Armadal,survival,qualified,negative,bluetit (teams = 77)
tit,Armadal-1-1-1,chick_sex_molec,Armadal,sex,qualified,negative,bluetit (teams = 77)
tit,Ashford-1-1-1,hatch_year,Ashford,year,conclusive,negative,bluetit (teams = 77)
tit,Ashford-1-1-1,hatch_nest_breed_ID,Ashford,id,conclusive,negative,bluetit (teams = 77)
tit,Ashford-1-1-1,rear_nest_breed_ID,Ashford,id,conclusive,negative,bluetit (teams = 77)
tit,Ashford-1-1-1,rear_area,Ashford,rear_location,conclusive,negative,bluetit (teams = 77)
tit,Ashford-1-1-1,home_or_away,Ashford,experimental_treatment,conclusive,negative,bluetit (teams = 77)
tit,Ashford-1-1-1,d14_rear_nest_brood_size,Ashford,siblings,conclusive,negative,bluetit (teams = 77)
tit,Ashford-1-1-1,day14_measurer,Ashford,observer,conclusive,negative,bluetit (teams = 77)
tit,Babinda-2-2-1,hatch_year,Babinda,year,qualified,mixed,bluetit (teams = 77)
tit,Babinda-2-2-1,hatch_nest_breed_ID,Babinda,id,qualified,mixed,bluetit (teams = 77)
tit,Babinda-2-2-1,hatch_Area,Babinda,hatch_location,qualified,mixed,bluetit (teams = 77)
tit,Babinda-2-2-1,d0_hatch_nest_brood_size,Babinda,hatch_siblings,qualified,mixed,bluetit (teams = 77)
tit,Babinda-2-2-1,rear_nest_breed_ID,Babinda,id,qualified,mixed,bluetit (teams = 77)
tit,Babinda-2-2-1,rear_area,Babinda,rear_location,qualified,mixed,bluetit (teams = 77)
tit,Babinda-2-2-1,home_or_away,Babinda,experimental_treatment,qualified,mixed,bluetit (teams = 77)
tit,Babinda-2-2-1,rear_d0_rear_nest_brood_size,Babinda,siblings,qualified,mixed,bluetit (teams = 77)
tit,Babinda-2-2-1,net_rearing_manipulation,Babinda,experimental_treatment,qualified,mixed,bluetit (teams = 77)
tit,Babinda-2-2-1,rear_Cs_at_start_of_rearing,Babinda,siblings,qualified,mixed,bluetit (teams = 77)
tit,Babinda-2-2-1,d14_rear_nest_brood_size,Babinda,siblings,qualified,mixed,bluetit (teams = 77)
tit,Babinda-2-2-1,Date_of_day14,Babinda,date,qualified,mixed,bluetit (teams = 77)
tit,Babinda-2-2-1,chick_sex_molec,Babinda,sex,qualified,mixed,bluetit (teams = 77)
tit,Babinda-1-1-1,hatch_year,Babinda,year,qualified,mixed,bluetit (teams = 77)
tit,Babinda-1-1-1,hatch_nest_breed_ID,Babinda,id,qualified,mixed,bluetit (teams = 77)
tit,Babinda-1-1-1,hatch_Area,Babinda,hatch_location,qualified,mixed,bluetit (teams = 77)
tit,Babinda-1-1-1,d0_hatch_nest_brood_size,Babinda,hatch_siblings,qualified,mixed,bluetit (teams = 77)
tit,Babinda-1-1-1,rear_nest_breed_ID,Babinda,id,qualified,mixed,bluetit (teams = 77)
tit,Babinda-1-1-1,rear_area,Babinda,rear_location,qualified,mixed,bluetit (teams = 77)
tit,Babinda-1-1-1,home_or_away,Babinda,experimental_treatment,qualified,mixed,bluetit (teams = 77)
tit,Babinda-1-1-1,rear_d0_rear_nest_brood_size,Babinda,siblings,qualified,mixed,bluetit (teams = 77)
tit,Babinda-1-1-1,net_rearing_manipulation,Babinda,experimental_treatment,qualified,mixed,bluetit (teams = 77)
tit,Babinda-1-1-1,rear_Cs_at_start_of_rearing,Babinda,siblings,qualified,mixed,bluetit (teams = 77)
tit,Babinda-1-1-1,d14_rear_nest_brood_size,Babinda,siblings,qualified,mixed,bluetit (teams = 77)
tit,Babinda-1-1-1,Date_of_day14,Babinda,date,qualified,mixed,bluetit (teams = 77)
tit,Babinda-1-1-1,chick_sex_molec,Babinda,sex,qualified,mixed,bluetit (teams = 77)
tit,Balingu-1-1-1,hatch_year,Balingu,year,conclusive,negative,bluetit (teams = 77)
tit,Balingu-1-1-1,Extra-pair_paternity,Balingu,parent,conclusive,negative,bluetit (teams = 77)
tit,Balingu-1-1-1,net_rearing_manipulation,Balingu,experimental_treatment,conclusive,negative,bluetit (teams = 77)
tit,Balingu-1-1-1,day_14_tarsus_length,Balingu,tarsus,conclusive,negative,bluetit (teams = 77)
tit,Balingu-1-1-1,day_14_weight,Balingu,weight,conclusive,negative,bluetit (teams = 77)
tit,Balingu-1-1-1,chick_sex_molec,Balingu,sex,conclusive,negative,bluetit (teams = 77)
tit,Balingu-1-1-1,chick_survival_to_first_breed_season,Balingu,survival,conclusive,negative,bluetit (teams = 77)
tit,Ballina-1-1-1,hatch_year,Ballina,year,qualified,negative,bluetit (teams = 77)
tit,Ballina-1-1-1,hatch_mom_Ring,Ballina,parent,qualified,negative,bluetit (teams = 77)
tit,Ballina-1-1-1,home_or_away,Ballina,experimental_treatment,qualified,negative,bluetit (teams = 77)
tit,Ballina-1-1-1,rear_Cs_at_start_of_rearing,Ballina,siblings,qualified,negative,bluetit (teams = 77)
tit,Bargara-3-3-1,hatch_year,Bargara,year,conclusive,negative,bluetit (teams = 77)
tit,Bargara-3-3-1,hatch_nest_LD,Bargara,date,conclusive,negative,bluetit (teams = 77)
tit,Bargara-3-3-1,d0_hatch_nest_brood_size,Bargara,hatch_siblings,conclusive,negative,bluetit (teams = 77)
tit,Bargara-3-3-1,rear_area,Bargara,rear_location,conclusive,negative,bluetit (teams = 77)
tit,Bargara-3-3-1,rear_Cs_at_start_of_rearing,Bargara,siblings,conclusive,negative,bluetit (teams = 77)
tit,Bargara-3-3-1,day_14_tarsus_length,Bargara,tarsus,conclusive,negative,bluetit (teams = 77)
tit,Bargara-3-3-1,chick_sex_molec,Bargara,sex,conclusive,negative,bluetit (teams = 77)
tit,Bargara-3-3-1,chick_survival_to_first_breed_season,Bargara,survival,conclusive,negative,bluetit (teams = 77)
tit,Bargara-2-2-1,hatch_year,Bargara,year,conclusive,negative,bluetit (teams = 77)
tit,Bargara-2-2-1,rear_nest_breed_ID,Bargara,id,conclusive,negative,bluetit (teams = 77)
tit,Bargara-2-2-1,rear_nest_LD,Bargara,date,conclusive,negative,bluetit (teams = 77)
tit,Bargara-2-2-1,rear_Cs_at_start_of_rearing,Bargara,siblings,conclusive,negative,bluetit (teams = 77)
tit,Bargara-2-2-1,number_chicks_fledged_from_rear_nest,Bargara,survival,conclusive,negative,bluetit (teams = 77)
tit,Bargara-1-1-1,hatch_year,Bargara,year,conclusive,negative,bluetit (teams = 77)
tit,Bargara-1-1-1,hatch_nest_LD,Bargara,date,conclusive,negative,bluetit (teams = 77)
tit,Bargara-1-1-1,d0_hatch_nest_brood_size,Bargara,hatch_siblings,conclusive,negative,bluetit (teams = 77)
tit,Bargara-1-1-1,rear_area,Bargara,rear_location,conclusive,negative,bluetit (teams = 77)
tit,Bargara-1-1-1,home_or_away,Bargara,experimental_treatment,conclusive,negative,bluetit (teams = 77)
tit,Bargara-1-1-1,rear_Cs_at_start_of_rearing,Bargara,siblings,conclusive,negative,bluetit (teams = 77)
tit,Bargara-1-1-1,day14_measurer,Bargara,observer,conclusive,negative,bluetit (teams = 77)
tit,Bargara-1-1-1,chick_sex_molec,Bargara,sex,conclusive,negative,bluetit (teams = 77)
tit,Barooga-2-2-1,hatch_nest_breed_ID,Barooga,id,qualified,negative,bluetit (teams = 77)
tit,Barooga-2-2-1,hatch_mom_Ring,Barooga,parent,qualified,negative,bluetit (teams = 77)
tit,Barooga-2-2-1,rear_nest_breed_ID,Barooga,id,qualified,negative,bluetit (teams = 77)
tit,Barooga-2-2-1,relative_CS,Barooga,siblings,qualified,negative,bluetit (teams = 77)
tit,Barooga-2-2-1,envir_rear,Barooga,rear_location,qualified,negative,bluetit (teams = 77)
tit,Barooga-1-1-1,hatch_nest_breed_ID,Barooga,id,qualified,negative,bluetit (teams = 77)
tit,Barooga-1-1-1,hatch_mom_Ring,Barooga,parent,qualified,negative,bluetit (teams = 77)
tit,Barooga-1-1-1,rear_nest_breed_ID,Barooga,id,qualified,negative,bluetit (teams = 77)
tit,Barooga-1-1-1,relative_CS,Barooga,siblings,qualified,negative,bluetit (teams = 77)
tit,Barooga-1-1-1,envir_rear,Barooga,rear_location,qualified,negative,bluetit (teams = 77)
tit,Barraba-1-1-1,hatch_year,Barraba,year,conclusive,negative,bluetit (teams = 77)
tit,Barraba-1-1-1,hatch_nest_breed_ID,Barraba,id,conclusive,negative,bluetit (teams = 77)
tit,Barraba-1-1-1,rear_nest_breed_ID,Barraba,id,conclusive,negative,bluetit (teams = 77)
tit,Barraba-1-1-1,rear_nest_trt,Barraba,experimental_treatment,conclusive,negative,bluetit (teams = 77)
tit,Barraba-1-1-1,chick_sex_molec,Barraba,sex,conclusive,negative,bluetit (teams = 77)
tit,Belmont-1-1-1,hatch_year,Belmont,year,conclusive,negative,bluetit (teams = 77)
tit,Belmont-1-1-1,rear_nest_breed_ID,Belmont,id,conclusive,negative,bluetit (teams = 77)
tit,Belmont-1-1-1,rear_area,Belmont,rear_location,conclusive,negative,bluetit (teams = 77)
tit,Belmont-1-1-1,rear_nest_trt,Belmont,experimental_treatment,conclusive,negative,bluetit (teams = 77)
tit,Belmont-1-1-1,home_or_away,Belmont,experimental_treatment,conclusive,negative,bluetit (teams = 77)
tit,Belmont-1-1-1,day14_measurer,Belmont,observer,conclusive,negative,bluetit (teams = 77)
tit,Belmont-1-1-1,chick_sex_molec,Belmont,sex,conclusive,negative,bluetit (teams = 77)
tit,Belmont-1-1-1,blood_sib,Belmont,siblings,conclusive,negative,bluetit (teams = 77)
tit,Bemboka-2-2-1,hatch_year,Bemboka,year,conclusive,negative,bluetit (teams = 77)
tit,Bemboka-2-2-1,hatch_mom_Ring,Bemboka,parent,conclusive,negative,bluetit (teams = 77)
tit,Bemboka-2-2-1,hatch_nest_dad_Ring,Bemboka,parent,conclusive,negative,bluetit (teams = 77)
tit,Bemboka-2-2-1,hatch_nest_CS,Bemboka,hatch_siblings,conclusive,negative,bluetit (teams = 77)
tit,Bemboka-2-2-1,d0_hatch_nest_brood_size,Bemboka,hatch_siblings,conclusive,negative,bluetit (teams = 77)
tit,Bemboka-2-2-1,rear_area,Bemboka,rear_location,conclusive,negative,bluetit (teams = 77)
tit,Bemboka-2-2-1,rear_Box,Bemboka,rear_location,conclusive,negative,bluetit (teams = 77)
tit,Bemboka-2-2-1,rear_mom_Ring,Bemboka,parent,conclusive,negative,bluetit (teams = 77)
tit,Bemboka-2-2-1,rear_dad_Ring,Bemboka,parent,conclusive,negative,bluetit (teams = 77)
tit,Bemboka-2-2-1,rear_nest_trt,Bemboka,experimental_treatment,conclusive,negative,bluetit (teams = 77)
tit,Bemboka-2-2-1,home_or_away,Bemboka,experimental_treatment,conclusive,negative,bluetit (teams = 77)
tit,Bemboka-2-2-1,rear_Cs_at_start_of_rearing,Bemboka,siblings,conclusive,negative,bluetit (teams = 77)
tit,Bemboka-2-2-1,chick_sex_molec,Bemboka,sex,conclusive,negative,bluetit (teams = 77)
tit,Bemboka-1-1-1,hatch_year,Bemboka,year,conclusive,negative,bluetit (teams = 77)
tit,Bemboka-1-1-1,hatch_mom_Ring,Bemboka,parent,conclusive,negative,bluetit (teams = 77)
tit,Bemboka-1-1-1,hatch_nest_dad_Ring,Bemboka,parent,conclusive,negative,bluetit (teams = 77)
tit,Bemboka-1-1-1,hatch_nest_CS,Bemboka,hatch_siblings,conclusive,negative,bluetit (teams = 77)
tit,Bemboka-1-1-1,d0_hatch_nest_brood_size,Bemboka,hatch_siblings,conclusive,negative,bluetit (teams = 77)
tit,Bemboka-1-1-1,rear_area,Bemboka,rear_location,conclusive,negative,bluetit (teams = 77)
tit,Bemboka-1-1-1,rear_Box,Bemboka,rear_location,conclusive,negative,bluetit (teams = 77)
tit,Bemboka-1-1-1,rear_mom_Ring,Bemboka,parent,conclusive,negative,bluetit (teams = 77)
tit,Bemboka-1-1-1,rear_dad_Ring,Bemboka,parent,conclusive,negative,bluetit (teams = 77)
tit,Bemboka-1-1-1,rear_nest_trt,Bemboka,experimental_treatment,conclusive,negative,bluetit (teams = 77)
tit,Bemboka-1-1-1,home_or_away,Bemboka,experimental_treatment,conclusive,negative,bluetit (teams = 77)
tit,Bemboka-1-1-1,rear_Cs_at_start_of_rearing,Bemboka,siblings,conclusive,negative,bluetit (teams = 77)
tit,Bemboka-1-1-1,chick_sex_molec,Bemboka,sex,conclusive,negative,bluetit (teams = 77)
tit,Benalla-1-1-1,hatch_mom_Ring,Benalla,parent,conclusive,negative,bluetit (teams = 77)
tit,Benalla-1-1-1,genetic_dad_ring_(WP_or_EP),Benalla,parent,conclusive,negative,bluetit (teams = 77)
tit,Benalla-1-1-1,rear_area,Benalla,rear_location,conclusive,negative,bluetit (teams = 77)
tit,Benalla-1-1-1,rear_mom_Ring,Benalla,parent,conclusive,negative,bluetit (teams = 77)
tit,Benalla-1-1-1,rear_dad_Ring,Benalla,parent,conclusive,negative,bluetit (teams = 77)
tit,Benalla-1-1-1,rear_nest_trt,Benalla,experimental_treatment,conclusive,negative,bluetit (teams = 77)
tit,Benalla-1-1-1,rear_nest_CS,Benalla,siblings,conclusive,negative,bluetit (teams = 77)
tit,Benalla-1-1-2,hatch_mom_Ring,Benalla,parent,conclusive,negative,bluetit (teams = 77)
tit,Benalla-1-1-2,genetic_dad_ring_(WP_or_EP),Benalla,parent,conclusive,negative,bluetit (teams = 77)
tit,Benalla-1-1-2,rear_area,Benalla,rear_location,conclusive,negative,bluetit (teams = 77)
tit,Benalla-1-1-2,rear_mom_Ring,Benalla,parent,conclusive,negative,bluetit (teams = 77)
tit,Benalla-1-1-2,rear_dad_Ring,Benalla,parent,conclusive,negative,bluetit (teams = 77)
tit,Benalla-1-1-2,rear_nest_trt,Benalla,experimental_treatment,conclusive,negative,bluetit (teams = 77)
tit,Benalla-1-1-2,rear_nest_CS,Benalla,siblings,conclusive,negative,bluetit (teams = 77)
tit,Benalla-2-2-1,hatch_mom_Ring,Benalla,parent,conclusive,negative,bluetit (teams = 77)
tit,Benalla-2-2-1,genetic_dad_ring_(WP_or_EP),Benalla,parent,conclusive,negative,bluetit (teams = 77)
tit,Benalla-2-2-1,rear_area,Benalla,rear_location,conclusive,negative,bluetit (teams = 77)
tit,Benalla-2-2-1,rear_mom_Ring,Benalla,parent,conclusive,negative,bluetit (teams = 77)
tit,Benalla-2-2-1,rear_dad_Ring,Benalla,parent,conclusive,negative,bluetit (teams = 77)
tit,Benalla-2-2-1,rear_nest_trt,Benalla,experimental_treatment,conclusive,negative,bluetit (teams = 77)
tit,Benalla-2-2-1,rear_nest_CS,Benalla,siblings,conclusive,negative,bluetit (teams = 77)
tit,Benalla-2-2-2,hatch_mom_Ring,Benalla,parent,conclusive,negative,bluetit (teams = 77)
tit,Benalla-2-2-2,genetic_dad_ring_(WP_or_EP),Benalla,parent,conclusive,negative,bluetit (teams = 77)
tit,Benalla-2-2-2,rear_area,Benalla,rear_location,conclusive,negative,bluetit (teams = 77)
tit,Benalla-2-2-2,rear_mom_Ring,Benalla,parent,conclusive,negative,bluetit (teams = 77)
tit,Benalla-2-2-2,rear_dad_Ring,Benalla,parent,conclusive,negative,bluetit (teams = 77)
tit,Benalla-2-2-2,rear_nest_trt,Benalla,experimental_treatment,conclusive,negative,bluetit (teams = 77)
tit,Benalla-2-2-2,rear_nest_CS,Benalla,siblings,conclusive,negative,bluetit (teams = 77)
tit,Bendigo-5-5-1,hatch_year,Bendigo,year,conclusive,negative,bluetit (teams = 77)
tit,Bendigo-5-5-1,hatch_nest_LD,Bendigo,date,conclusive,negative,bluetit (teams = 77)
tit,Bendigo-5-5-1,hatch_nest_CS,Bendigo,hatch_siblings,conclusive,negative,bluetit (teams = 77)
tit,Bendigo-5-5-1,rear_nest_breed_ID,Bendigo,id,conclusive,negative,bluetit (teams = 77)
tit,Bendigo-5-5-1,rear_area,Bendigo,rear_location,conclusive,negative,bluetit (teams = 77)
tit,Bendigo-5-5-1,home_or_away,Bendigo,experimental_treatment,conclusive,negative,bluetit (teams = 77)
tit,Bendigo-5-5-1,net_rearing_manipulation,Bendigo,experimental_treatment,conclusive,negative,bluetit (teams = 77)
tit,Bendigo-5-5-1,d14_rear_nest_brood_size,Bendigo,siblings,conclusive,negative,bluetit (teams = 77)
tit,Bendigo-5-5-1,day14_measurer,Bendigo,observer,conclusive,negative,bluetit (teams = 77)
tit,Bendigo-2-2-1,hatch_year,Bendigo,year,conclusive,negative,bluetit (teams = 77)
tit,Bendigo-2-2-1,hatch_nest_LD,Bendigo,date,conclusive,negative,bluetit (teams = 77)
tit,Bendigo-2-2-1,hatch_nest_CS,Bendigo,hatch_siblings,conclusive,negative,bluetit (teams = 77)
tit,Bendigo-2-2-1,rear_nest_breed_ID,Bendigo,id,conclusive,negative,bluetit (teams = 77)
tit,Bendigo-2-2-1,rear_area,Bendigo,rear_location,conclusive,negative,bluetit (teams = 77)
tit,Bendigo-2-2-1,home_or_away,Bendigo,experimental_treatment,conclusive,negative,bluetit (teams = 77)
tit,Bendigo-2-2-1,net_rearing_manipulation,Bendigo,experimental_treatment,conclusive,negative,bluetit (teams = 77)
tit,Bendigo-2-2-1,d14_rear_nest_brood_size,Bendigo,siblings,conclusive,negative,bluetit (teams = 77)
tit,Bendigo-2-2-1,day14_measurer,Bendigo,observer,conclusive,negative,bluetit (teams = 77)
tit,Bendigo-1-1-1,hatch_year,Bendigo,year,conclusive,negative,bluetit (teams = 77)
tit,Bendigo-1-1-1,hatch_nest_LD,Bendigo,date,conclusive,negative,bluetit (teams = 77)
tit,Bendigo-1-1-1,hatch_nest_CS,Bendigo,hatch_siblings,conclusive,negative,bluetit (teams = 77)
tit,Bendigo-1-1-1,rear_nest_breed_ID,Bendigo,id,conclusive,negative,bluetit (teams = 77)
tit,Bendigo-1-1-1,rear_area,Bendigo,rear_location,conclusive,negative,bluetit (teams = 77)
tit,Bendigo-1-1-1,home_or_away,Bendigo,experimental_treatment,conclusive,negative,bluetit (teams = 77)
tit,Bendigo-1-1-1,net_rearing_manipulation,Bendigo,experimental_treatment,conclusive,negative,bluetit (teams = 77)
tit,Bendigo-1-1-1,d14_rear_nest_brood_size,Bendigo,siblings,conclusive,negative,bluetit (teams = 77)
tit,Bendigo-1-1-1,day14_measurer,Bendigo,observer,conclusive,negative,bluetit (teams = 77)
tit,Bendigo-3-3-1,hatch_year,Bendigo,year,conclusive,negative,bluetit (teams = 77)
tit,Bendigo-3-3-1,hatch_nest_LD,Bendigo,date,conclusive,negative,bluetit (teams = 77)
tit,Bendigo-3-3-1,hatch_nest_CS,Bendigo,hatch_siblings,conclusive,negative,bluetit (teams = 77)
tit,Bendigo-3-3-1,rear_nest_breed_ID,Bendigo,id,conclusive,negative,bluetit (teams = 77)
tit,Bendigo-3-3-1,rear_area,Bendigo,rear_location,conclusive,negative,bluetit (teams = 77)
tit,Bendigo-3-3-1,home_or_away,Bendigo,experimental_treatment,conclusive,negative,bluetit (teams = 77)
tit,Bendigo-3-3-1,net_rearing_manipulation,Bendigo,experimental_treatment,conclusive,negative,bluetit (teams = 77)
tit,Bendigo-3-3-1,d14_rear_nest_brood_size,Bendigo,siblings,conclusive,negative,bluetit (teams = 77)
tit,Bendigo-3-3-1,day_14_weight,Bendigo,weight,conclusive,negative,bluetit (teams = 77)
tit,Bendigo-3-3-1,day14_measurer,Bendigo,observer,conclusive,negative,bluetit (teams = 77)
tit,Bendigo-4-4-1,hatch_year,Bendigo,year,conclusive,negative,bluetit (teams = 77)
tit,Bendigo-4-4-1,hatch_nest_LD,Bendigo,date,conclusive,negative,bluetit (teams = 77)
tit,Bendigo-4-4-1,hatch_nest_CS,Bendigo,hatch_siblings,conclusive,negative,bluetit (teams = 77)
tit,Bendigo-4-4-1,rear_nest_breed_ID,Bendigo,id,conclusive,negative,bluetit (teams = 77)
tit,Bendigo-4-4-1,rear_area,Bendigo,rear_location,conclusive,negative,bluetit (teams = 77)
tit,Bendigo-4-4-1,home_or_away,Bendigo,experimental_treatment,conclusive,negative,bluetit (teams = 77)
tit,Bendigo-4-4-1,net_rearing_manipulation,Bendigo,experimental_treatment,conclusive,negative,bluetit (teams = 77)
tit,Bendigo-4-4-1,d14_rear_nest_brood_size,Bendigo,siblings,conclusive,negative,bluetit (teams = 77)
tit,Bendigo-4-4-1,day14_measurer,Bendigo,observer,conclusive,negative,bluetit (teams = 77)
tit,Berrima-1-1-1,hatch_year,Berrima,year,conclusive,negative,bluetit (teams = 77)
tit,Berrima-1-1-1,hatch_nest_breed_ID,Berrima,id,conclusive,negative,bluetit (teams = 77)
tit,Berrima-1-1-1,d0_hatch_nest_brood_size,Berrima,hatch_siblings,conclusive,negative,bluetit (teams = 77)
tit,Berrima-1-1-1,rear_nest_breed_ID,Berrima,id,conclusive,negative,bluetit (teams = 77)
tit,Berrima-1-1-1,rear_nest_trt,Berrima,experimental_treatment,conclusive,negative,bluetit (teams = 77)
tit,Berrima-1-1-1,day14_measurer,Berrima,observer,conclusive,negative,bluetit (teams = 77)
tit,Berrima-1-1-1,chick_sex_molec,Berrima,sex,conclusive,negative,bluetit (teams = 77)
tit,Berrima-2-2-1,hatch_year,Berrima,year,conclusive,negative,bluetit (teams = 77)
tit,Berrima-2-2-1,hatch_nest_breed_ID,Berrima,id,conclusive,negative,bluetit (teams = 77)
tit,Berrima-2-2-1,d0_hatch_nest_brood_size,Berrima,hatch_siblings,conclusive,negative,bluetit (teams = 77)
tit,Berrima-2-2-1,rear_nest_breed_ID,Berrima,id,conclusive,negative,bluetit (teams = 77)
tit,Berrima-2-2-1,rear_nest_trt,Berrima,experimental_treatment,conclusive,negative,bluetit (teams = 77)
tit,Berrima-2-2-1,chick_sex_molec,Berrima,sex,conclusive,negative,bluetit (teams = 77)
tit,Berwick-2-2-1,hatch_year,Berwick,year,conclusive,mixed,bluetit (teams = 77)
tit,Berwick-2-2-1,hatch_nest_breed_ID,Berwick,id,conclusive,mixed,bluetit (teams = 77)
tit,Berwick-2-2-1,hatch_nest_OH,Berwick,date,conclusive,mixed,bluetit (teams = 77)
tit,Berwick-2-2-1,rear_area,Berwick,rear_location,conclusive,mixed,bluetit (teams = 77)
tit,Berwick-2-2-1,home_or_away,Berwick,experimental_treatment,conclusive,mixed,bluetit (teams = 77)
tit,Berwick-2-2-1,rear_d0_rear_nest_brood_size,Berwick,siblings,conclusive,mixed,bluetit (teams = 77)
tit,Berwick-2-2-1,net_rearing_manipulation,Berwick,experimental_treatment,conclusive,mixed,bluetit (teams = 77)
tit,Berwick-2-2-1,chick_sex_molec,Berwick,sex,conclusive,mixed,bluetit (teams = 77)
tit,Berwick-1-1-1,hatch_year,Berwick,year,conclusive,mixed,bluetit (teams = 77)
tit,Berwick-1-1-1,hatch_nest_breed_ID,Berwick,id,conclusive,mixed,bluetit (teams = 77)
tit,Berwick-1-1-1,hatch_nest_OH,Berwick,date,conclusive,mixed,bluetit (teams = 77)
tit,Berwick-1-1-1,rear_area,Berwick,rear_location,conclusive,mixed,bluetit (teams = 77)
tit,Berwick-1-1-1,home_or_away,Berwick,experimental_treatment,conclusive,mixed,bluetit (teams = 77)
tit,Berwick-1-1-1,rear_d0_rear_nest_brood_size,Berwick,siblings,conclusive,mixed,bluetit (teams = 77)
tit,Berwick-1-1-1,net_rearing_manipulation,Berwick,experimental_treatment,conclusive,mixed,bluetit (teams = 77)
tit,Berwick-1-1-1,chick_sex_molec,Berwick,sex,conclusive,mixed,bluetit (teams = 77)
tit,Berwick-4-4-1,hatch_year,Berwick,year,conclusive,mixed,bluetit (teams = 77)
tit,Berwick-4-4-1,hatch_nest_CS,Berwick,hatch_siblings,conclusive,mixed,bluetit (teams = 77)
tit,Berwick-3-3-1,hatch_year,Berwick,year,conclusive,mixed,bluetit (teams = 77)
tit,Berwick-3-3-1,hatch_nest_CS,Berwick,hatch_siblings,conclusive,mixed,bluetit (teams = 77)
tit,Beverle-1-1-1,hatch_nest_breed_ID,Beverle,id,qualified,negative,bluetit (teams = 77)
tit,Beverle-1-1-1,rear_nest_breed_ID,Beverle,id,qualified,negative,bluetit (teams = 77)
tit,Beverle-1-1-1,rear_nest_trt,Beverle,experimental_treatment,qualified,negative,bluetit (teams = 77)
